,,,,,,,Playing Time,Playing Time,Playing Time,Playing Time,Performance,Performance,Performance,Performance,Performance,Performance,Performance,Performance,Per 90 Minutes,Per 90 Minutes,Per 90 Minutes,Per 90 Minutes,Per 90 Minutes,,-additional
Rk,Player,Nation,Pos,Squad,Age,Born,MP,Starts,Min,90s,Gls,Ast,G+A,G-PK,PK,PKatt,CrdY,CrdR,Gls,Ast,G+A,G-PK,G+A-PK,Matches,-9999
1,Nicolás Acevedo,uy URU,DFMF,Bahia,27-065,1999,15,15,1299,14.4,0,0,0,0,0,0,6,0,0.00,0.00,0.00,0.00,0.00,Matches,6140be7b
2,Luciano Acosta,ar ARG,MF,Fluminense,32-018,1994,14,13,901,10.0,3,4,7,3,0,0,4,0,0.30,0.40,0.70,0.30,0.70,Matches,363ba6d7
3,Adson,br BRA,MF,Vasco da Gama,25-255,2000,8,3,400,4.4,0,0,0,0,0,0,0,0,0.00,0.00,0.00,0.00,0.00,Matches,eda38706
4,Braian Aguirre,ar ARG,DFMF,Internacional,25-325,2000,12,5,474,5.3,1,1,2,1,0,0,1,0,0.19,0.19,0.38,0.19,0.38,Matches,74b396d8
5,Yuri Alberto,br BRA,FW,Corinthians,25-092,2001,14,14,1211,13.5,1,2,3,1,0,0,2,0,0.07,0.15,0.22,0.07,0.22,Matches,65159211
6,José Aldo,br BRA,MF,Mirassol,27-328,1998,15,12,1081,12.0,0,1,1,0,0,0,7,0,0.00,0.08,0.08,0.00,0.08,Matches,2f90595a
7,Alerrandro,br BRA,FW,Internacional,26-157,2000,17,9,771,8.6,3,3,6,3,0,0,1,0,0.35,0.35,0.70,0.35,0.70,Matches,3415a44d
8,Alesson,br BRA,MFFW,Mirassol,27-122,1999,17,14,1134,12.6,0,4,4,0,0,0,2,0,0.00,0.32,0.32,0.00,0.32,Matches,611e984e
9,Caio Alexandre,br BRA,MF,Bahia,27-114,1999,11,7,502,5.6,0,0,0,0,0,0,1,0,0.00,0.00,0.00,0.00,0.00,Matches,08ac23b7
10,Matheus Alexandre,br BRA,DF,Remo,27-072,1999,7,1,153,1.7,0,0,0,0,0,0,0,0,0.00,0.00,0.00,0.00,0.00,Matches,0212e748
11,Alexsander,br BRA,MF,Atlético Mineiro,22-253,2003,4,0,90,1.0,0,0,0,0,0,0,1,0,0.00,0.00,0.00,0.00,0.00,Matches,b13e7a78
12,Alisson,br BRA,MF,Fluminense,32-358,1993,8,3,256,2.8,0,1,1,0,0,0,3,0,0.00,0.35,0.35,0.00,0.35,Matches,99139fa4
13,Allan,br BRA,MF,Palmeiras,22-060,2004,17,15,1213,13.5,4,2,6,4,0,0,3,1,0.30,0.15,0.45,0.30,0.45,Matches,aae04867
14,Allan,br BRA,MF,Corinthians,29-107,1997,13,5,550,6.1,0,0,0,0,0,0,3,1,0.00,0.00,0.00,0.00,0.00,Matches,b15e93aa
15,Allan,br BRA,MF,Botafogo–RJ,35-161,1991,10,6,463,5.1,0,0,0,0,0,0,3,0,0.00,0.00,0.00,0.00,0.00,Matches,cc700722
16,Allex,br BRA,MFDF,Internacional,20-045,2006,8,4,315,3.5,0,0,0,0,0,0,1,0,0.00,0.00,0.00,0.00,0.00,Matches,8a8200ca
17,Kayky Almeida,br BRA,DF,Remo,21-048,2005,7,5,486,5.4,0,0,0,0,0,0,1,0,0.00,0.00,0.00,0.00,0.00,Matches,4a8d8800
18,Júnior Alonso,py PAR,DF,Atlético Mineiro,33-129,1993,10,10,900,10.0,0,0,0,0,0,0,2,0,0.00,0.00,0.00,0.00,0.00,Matches,b18a3023
19,David Alves França,br BRA,MF,Coritiba,18-134,2008,1,0,1,0.0,0,0,0,0,0,0,0,0,0.00,0.00,0.00,0.00,0.00,Matches,57cdf20a
20,Francis Amuzu,be BEL,MFFW,Grêmio,26-299,1999,16,12,1040,11.6,1,3,4,1,0,0,0,0,0.09,0.26,0.35,0.09,0.35,Matches,4f0fbd15
21,João Ananias,br BRA,DF,Santos,19-126,2007,3,1,156,1.7,0,0,0,0,0,0,1,0,0.00,0.00,0.00,0.00,0.00,Matches,91c13988
22,Anderson,br BRA,GK,Chapecoense,28-105,1998,6,6,540,6.0,0,0,0,0,0,0,0,0,0.00,0.00,0.00,0.00,0.00,Matches,29d862d4
23,Anderson,br BRA,FW,Vitória,23-263,2002,4,0,73,0.8,0,0,0,0,0,0,1,0,0.00,0.00,0.00,0.00,0.00,Matches,a03b3912
24,Felipe Anderson,br BRA,MFFW,Palmeiras,33-064,1993,13,3,372,4.1,1,1,2,1,0,0,1,0,0.24,0.24,0.48,0.24,0.48,Matches,9f1893b9
25,Léo Andrade,br BRA,DF,Remo,28-061,1998,4,3,295,3.3,0,0,0,0,0,0,1,0,0.00,0.00,0.00,0.00,0.00,Matches,070eb3e3
26,André,br BRA,MF,Corinthians,19-363,2006,14,10,831,9.2,3,0,3,3,0,0,1,2,0.32,0.00,0.32,0.32,0.32,Matches,867660e8
27,Andrey,br BRA,MF,Vasco da Gama,18-133,2008,1,0,23,0.3,0,0,0,0,0,0,0,0,0.00,0.00,0.00,0.00,0.00,Matches,0bedf7a0
28,Fabrizio Angileri,ar ARG,DF,Corinthians,32-095,1994,6,3,329,3.7,0,0,0,0,0,0,2,0,0.00,0.00,0.00,0.00,0.00,Matches,fdd26d71
29,Anthoni,br BRA,GK,Internacional,24-146,2002,7,7,630,7.0,0,0,0,0,0,0,0,0,0.00,0.00,0.00,0.00,0.00,Matches,a0b17b31
30,Marcos Antônio,br BRA,MF,São Paulo,26-005,2000,12,9,887,9.9,0,2,2,0,0,0,1,0,0.00,0.20,0.20,0.00,0.20,Matches,108fe016
31,David Antunes,br BRA,MF,Chapecoense,20-305,2005,4,1,55,0.6,0,0,0,0,0,0,0,0,0.00,0.00,0.00,0.00,0.00,Matches,f26429fb
32,Guilherme Arana,br BRA,DF,Fluminense,29-065,1997,13,9,804,8.9,1,1,2,1,0,0,2,0,0.11,0.11,0.22,0.11,0.22,Matches,2b15a82a
33,Willian Arão,br BRA,MF,Santos,33-197,1992,13,8,704,7.8,0,0,0,0,0,0,1,0,0.00,0.00,0.00,0.00,0.00,Matches,f47a530a
34,Luiz Araújo,br BRA,MF,Flamengo,30-016,1996,11,4,364,4.0,1,1,2,1,0,0,2,0,0.25,0.25,0.49,0.25,0.49,Matches,fa18c72e
35,Michel Araujo,uy URU,MF,Bahia,29-263,1996,12,1,243,2.7,0,0,0,0,0,0,2,1,0.00,0.00,0.00,0.00,0.00,Matches,1159e4ae
36,Robert Arboleda,ec ECU,DF,São Paulo,34-239,1991,6,3,317,3.5,0,0,0,0,0,0,0,0,0.00,0.00,0.00,0.00,0.00,Matches,269dbfc6
37,Lucas Arcanjo,br BRA,GK,Vitória,27-314,1998,13,13,1170,13.0,0,0,0,0,0,0,1,0,0.00,0.00,0.00,0.00,0.00,Matches,21803aa2
38,Benjamin Arhin,gh GHA,MF,Internacional,20-020,2006,1,0,1,0.0,0,0,0,0,0,0,0,0,0.00,0.00,0.00,0.00,0.00,Matches,47de2b05
39,Jhon Arias,co COL,MF,Palmeiras,28-270,1997,13,12,1008,11.2,3,0,3,3,0,0,4,0,0.27,0.00,0.27,0.27,0.27,Matches,86d96066
40,Giorgian de Arrascaeta,uy URU,MF,Flamengo,32-017,1994,10,9,740,8.2,3,1,4,2,1,1,1,0,0.36,0.12,0.49,0.24,0.36,Matches,be8d02dd
41,Keny Arroyo,ec ECU,MF,Cruzeiro,20-124,2006,15,11,878,9.8,2,2,4,2,0,0,5,1,0.21,0.21,0.41,0.21,0.41,Matches,a9c426f6
42,Arthur,br BRA,DF,Palmeiras,20-287,2005,13,9,801,8.9,0,0,0,0,0,0,0,0,0.00,0.00,0.00,0.00,0.00,Matches,caf3e90b
43,Artur,br BRA,MF,São Paulo,28-123,1998,10,10,880,9.8,1,1,2,1,0,0,1,0,0.10,0.10,0.20,0.10,0.20,Matches,105132cd
44,Artur,br BRA,FW,Botafogo–RJ,28-123,1998,4,1,192,2.1,1,0,1,1,0,0,0,0,0.47,0.00,0.47,0.47,0.47,Matches,105132cd
45,Giovanni Augusto,br BRA,MFFW,Chapecoense,36-286,1989,10,7,401,4.5,0,0,0,0,0,0,1,0,0.00,0.00,0.00,0.00,0.00,Matches,2f94a698
46,Ryan Augusto,br BRA,DF,RB Bragantino,18-287,2007,5,2,234,2.6,0,0,0,0,0,0,0,0,0.00,0.00,0.00,0.00,0.00,Matches,d08d6f66
47,Avellar,br BRA,DF,Vasco da Gama,20-102,2006,1,0,6,0.1,0,0,0,0,0,0,0,0,0.00,0.00,0.00,0.00,0.00,Matches,19536a8f
48,Matheus Bahia,br BRA,DFMF,Internacional,26-311,1999,10,9,686,7.6,0,0,0,0,0,0,2,0,0.00,0.00,0.00,0.00,0.00,Matches,33e3c4e5
49,Fabián Balbuena,py PAR,DF,Grêmio,34-299,1991,7,7,585,6.5,0,0,0,0,0,0,0,0,0.00,0.00,0.00,0.00,0.00,Matches,3626f7d9
50,Gabriel Baralhas,br BRA,MF,Vitória,27-251,1998,14,14,1189,13.2,2,3,5,2,0,0,4,0,0.15,0.23,0.38,0.15,0.38,Matches,b7838aad
51,Gabriel Barbosa,br BRA,FW,Santos,29-292,1996,12,9,814,9.0,7,2,9,6,1,1,5,1,0.77,0.22,1.00,0.66,0.88,Matches,72d0e1b6
52,Lucas Barbosa,br BRA,MFFW,RB Bragantino,25-116,2001,16,16,1435,15.9,4,2,6,4,0,0,4,0,0.25,0.13,0.38,0.25,0.38,Matches,a28eac7e
53,Alexander Barboza,ar ARG,DF,Botafogo–RJ,31-094,1995,12,12,1034,11.5,1,2,3,1,0,0,5,1,0.09,0.17,0.26,0.09,0.26,Matches,b1805c80
54,Álvaro Barreal,ar ARG,MFDF,Santos,25-305,2000,15,10,935,10.4,3,0,3,3,0,0,3,1,0.29,0.00,0.29,0.29,0.29,Matches,ffca53e1
55,Jordan Barrera,co COL,MF,Botafogo–RJ,20-068,2006,11,3,374,4.2,1,0,1,1,0,0,0,0,0.24,0.00,0.24,0.24,0.24,Matches,abe7a9c6
56,Kadir Barría,pa PAN,MFFW,Botafogo–RJ,18-335,2007,8,2,256,2.8,0,1,1,0,0,0,0,0,0.00,0.35,0.35,0.00,0.35,Matches,b594dfe1
57,Cauan Barros,br BRA,MF,Vasco da Gama,22-043,2004,15,13,1122,12.5,3,0,3,3,0,0,4,1,0.24,0.00,0.24,0.24,0.24,Matches,6ae4627b
58,Bastos,ao ANG,DF,Botafogo–RJ,35-083,1991,6,6,520,5.8,0,0,0,0,0,0,1,0,0.00,0.00,0.00,0.00,0.00,Matches,c01c66d9
59,José Luis Rodríguez Bebanz,uy URU,DFMF,Vasco da Gama,29-096,1997,12,8,861,9.6,2,4,6,1,1,1,2,0,0.21,0.42,0.63,0.10,0.52,Matches,6f1a7f76
60,Thiago Beltrame,br BRA,GK,Grêmio,22-351,2003,1,1,74,0.8,0,0,0,0,0,0,0,1,0.00,0.00,0.00,0.00,0.00,Matches,e5819c51
61,Gastón Benavídez,ar ARG,MFDF,Athletico–PR,30-238,1995,15,15,1350,15.0,0,5,5,0,0,0,4,0,0.00,0.33,0.33,0.00,0.33,Matches,adc19df2
62,Luis Benedetti,br BRA,DF,Palmeiras,20-011,2006,2,0,23,0.3,0,0,0,0,0,0,0,0,0.00,0.00,0.00,0.00,0.00,Matches,3690d4f3
63,Alexandro Bernabei,ar ARG,MFDF,Internacional,25-267,2000,15,14,1284,14.3,4,1,5,4,0,0,6,1,0.28,0.07,0.35,0.28,0.35,Matches,67b09a18
64,Facundo Bernal,uy URU,MF,Fluminense,22-301,2003,10,7,549,6.1,0,0,0,0,0,0,2,0,0.00,0.00,0.00,0.00,0.00,Matches,ca34fa2e
65,Bernard,br BRA,MFFW,Atlético Mineiro,33-283,1992,15,10,739,8.2,1,2,3,1,0,0,0,0,0.12,0.24,0.37,0.12,0.37,Matches,ab4b3e35
66,Matheus Bidu,br BRA,DF,Corinthians,27-045,1999,15,15,1291,14.3,2,1,3,2,0,0,5,0,0.14,0.07,0.21,0.14,0.21,Matches,b8a72293
67,Damián Bobadilla,py PAR,MF,São Paulo,24-342,2001,14,13,1059,11.8,0,2,2,0,0,0,3,0,0.00,0.17,0.17,0.00,0.17,Matches,ad7d6437
68,Yannick Bolasie,cd COD,FW,Chapecoense,37-025,1989,14,12,928,10.3,1,1,2,1,0,1,3,0,0.10,0.10,0.19,0.10,0.19,Matches,715fc0fe
69,Gabriel Bontempo,br BRA,MF,Santos,21-153,2005,16,13,1059,11.8,0,2,2,0,0,0,2,0,0.00,0.17,0.17,0.00,0.17,Matches,3f384407
70,Daniel Borges,br BRA,DFMF,Mirassol,33-087,1993,5,3,367,4.1,0,0,0,0,0,0,0,0,0.00,0.00,0.00,0.00,0.00,Matches,71879f82
71,Marllon Borges,br BRA,DF,Remo,34-063,1992,18,18,1620,18.0,1,0,1,1,0,0,2,0,0.06,0.00,0.06,0.06,0.06,Matches,d0b29bbd
72,Rafael Borré,co COL,FW,Internacional,30-276,1995,18,11,1058,11.8,2,1,3,2,0,0,2,0,0.17,0.09,0.26,0.17,0.26,Matches,c68da769
73,David Braga,br BRA,MF,Remo,24-189,2001,6,2,218,2.4,0,0,0,0,0,0,2,0,0.00,0.00,0.00,0.00,0.00,Matches,1448daef
74,Martin Braithwaite,dk DEN,MFFW,Grêmio,35-013,1991,11,3,338,3.8,0,0,0,0,0,0,0,0,0.00,0.00,0.00,0.00,0.00,Matches,fd771f95
75,Gabriel Brazão,br BRA,GK,Santos,25-256,2000,16,16,1440,16.0,0,0,0,0,0,0,4,0,0.00,0.00,0.00,0.00,0.00,Matches,18c697e8
76,Brenner,br BRA,FWMF,Vasco da Gama,26-153,2000,13,5,557,6.2,1,1,2,1,0,0,1,0,0.16,0.16,0.32,0.16,0.32,Matches,279508bf
77,Breno,br BRA,MF,Corinthians,21-118,2005,16,15,1131,12.6,2,0,2,2,0,0,1,0,0.16,0.00,0.16,0.16,0.16,Matches,4c532308
78,Breno,br BRA,MF,Coritiba,30-145,1996,15,12,973,10.8,8,1,9,8,0,0,3,0,0.74,0.09,0.83,0.74,0.83,Matches,e0016d00
79,José Breno,br BRA,MF,Vitória,22-012,2004,2,0,29,0.3,0,0,0,0,0,0,0,0,0.00,0.00,0.00,0.00,0.00,Matches,a404a52b
80,Bruninho,br BRA,MF,Athletico–PR,17-306,2008,9,3,312,3.5,0,0,0,0,0,0,0,0,0.00,0.00,0.00,0.00,0.00,Matches,aaf85f4f
81,Fabrício Bruno,br BRA,DF,Cruzeiro,30-126,1996,17,17,1522,16.9,0,0,0,0,0,0,5,0,0.00,0.00,0.00,0.00,0.00,Matches,470d197b
82,Kaiki Bruno,br BRA,DF,Cruzeiro,23-102,2003,16,16,1416,15.7,0,2,2,0,0,0,1,1,0.00,0.13,0.13,0.00,0.13,Matches,1a36e9cb
83,Vitor Bueno,br BRA,MFFW,Remo,31-286,1994,11,10,748,8.3,2,2,4,2,0,0,0,0,0.24,0.24,0.48,0.24,0.48,Matches,5752f96d
84,Gustavo Caballero,py PAR,FW,Santos,24-270,2001,1,1,45,0.5,0,0,0,0,0,0,0,0,0.00,0.00,0.00,0.00,0.00,Matches,90a38ca7
85,Arthur Cabral,br BRA,FW,Botafogo–RJ,28-054,1998,15,15,1211,13.5,7,1,8,7,0,0,3,0,0.52,0.07,0.59,0.52,0.59,Matches,a820e429
86,Cacá,br BRA,DF,Vitória,27-054,1999,12,12,1064,11.8,1,0,1,1,0,0,3,0,0.08,0.00,0.08,0.08,0.08,Matches,27f4a416
87,Victor Caetano,br BRA,DF,Chapecoense,28-242,1997,8,8,647,7.2,0,0,0,0,0,0,2,0,0.00,0.00,0.00,0.00,0.00,Matches,82a12c6d
88,Jonathan Calleri,ar ARG,FW,São Paulo,32-268,1993,16,15,1349,15.0,6,1,7,5,1,1,3,0,0.40,0.07,0.47,0.33,0.40,Matches,6922f806
89,Camilo,br BRA,MF,Chapecoense,27-115,1999,14,14,1170,13.0,0,0,0,0,0,0,3,0,0.00,0.00,0.00,0.00,0.00,Matches,dfb81359
90,Juan Camilo Portilla,co COL,MF,Athletico–PR,27-279,1998,15,11,794,8.8,0,0,0,0,0,0,3,0,0.00,0.00,0.00,0.00,0.00,Matches,ad49f7fb
91,Camutanga,br BRA,DF,Vitória,32-264,1993,8,7,599,6.7,0,0,0,0,0,0,0,0,0.00,0.00,0.00,0.00,0.00,Matches,c455a045
92,Luan Cândido,br BRA,DF,Vitória,25-136,2001,10,8,777,8.6,0,2,2,0,0,0,1,0,0.00,0.23,0.23,0.00,0.23,Matches,ca151606
93,Germán Cano,ar ARG,FW,Fluminense,38-136,1988,4,0,65,0.7,0,0,0,0,0,0,0,0,0.00,0.00,0.00,0.00,0.00,Matches,9ccf4e14
94,Agustín Canobbio,uy URU,MF,Fluminense,27-260,1998,11,11,856,9.5,4,1,5,4,0,0,3,1,0.42,0.11,0.53,0.42,0.53,Matches,4f5a2f38
95,Aitor Cantalapiedra,es ESP,MF,Vitória,30-128,1996,8,4,338,3.8,0,0,0,0,0,0,1,0,0.00,0.00,0.00,0.00,0.00,Matches,21a260a8
96,Juninho Capixaba,br BRA,DF,RB Bragantino,28-347,1997,16,16,1427,15.9,3,2,5,3,0,0,9,0,0.19,0.13,0.32,0.19,0.32,Matches,91ba7336
97,Johan Carbonero,co COL,MFFW,Internacional,26-333,1999,17,13,1123,12.5,4,3,7,4,0,0,3,0,0.32,0.24,0.56,0.32,0.56,Matches,9eca9710
98,Edson Carioca,br BRA,FWMF,Mirassol,28-349,1997,11,5,475,5.3,1,0,1,1,0,0,4,0,0.19,0.00,0.19,0.19,0.19,Matches,14c679d6
99,Igor Cariús,br BRA,DF,Mirassol,33-048,1993,1,0,36,0.4,0,0,0,0,0,0,0,0,0.00,0.00,0.00,0.00,0.00,Matches,662475de
100,Jean Carlos Vicente,br BRA,MF,Chapecoense,34-123,1992,17,4,659,7.3,2,2,4,2,0,0,2,0,0.27,0.27,0.55,0.27,0.55,Matches,db4b7637
101,Jorge Carrascal,co COL,MF,Flamengo,28-024,1998,13,6,617,6.9,2,1,3,2,0,0,1,2,0.29,0.15,0.44,0.29,0.44,Matches,3f9f0d62
102,André Carrillo,pe PER,MF,Corinthians,35-004,1991,14,8,696,7.7,0,1,1,0,0,0,2,0,0.00,0.13,0.13,0.00,0.13,Matches,7527558b
103,Rafael Carvalheira,br BRA,MF,Chapecoense,27-023,1999,14,11,893,9.9,2,0,2,2,0,0,2,0,0.20,0.00,0.20,0.20,0.20,Matches,a204b8fd
104,Mateo Cassierra,co COL,FW,Atlético Mineiro,29-066,1997,14,7,674,7.5,2,1,3,2,0,0,1,0,0.27,0.13,0.40,0.27,0.40,Matches,0f714df2
105,Cássio,br BRA,GK,Cruzeiro,39-012,1987,5,5,421,4.7,0,0,0,0,0,0,0,0,0.00,0.00,0.00,0.00,0.00,Matches,d42f6326
106,Rodrigo Castillo,ar ARG,FW,Fluminense,27-112,1999,12,4,509,5.7,3,1,4,3,0,0,1,0,0.53,0.18,0.71,0.53,0.71,Matches,da71df54
107,Franco Catarozzi,uy URU,MF,Remo,26-077,2000,1,0,23,0.3,0,0,0,0,0,0,0,0,0.00,0.00,0.00,0.00,0.00,Matches,ca82c8ac
108,Caue,br BRA,DF,RB Bragantino,19-187,2006,3,2,179,2.0,0,0,0,0,0,0,1,0,0.00,0.00,0.00,0.00,0.00,Matches,b8f62eb5
109,Murilo Cerqueira,br BRA,DF,Palmeiras,29-083,1997,15,15,1306,14.5,1,1,2,1,0,0,3,1,0.07,0.07,0.14,0.07,0.14,Matches,10fe831e
110,Kaio César,br BRA,MF,Corinthians,22-123,2004,6,2,295,3.3,1,1,2,1,0,0,2,0,0.31,0.31,0.61,0.31,0.61,Matches,4e232375
111,Kayky Chagas,br BRA,MF,Internacional,23-007,2003,6,0,75,0.8,0,0,0,0,0,0,0,0,0.00,0.00,0.00,0.00,0.00,Matches,17734ea0
112,Chico,br BRA,FWMF,Mirassol,35-032,1991,2,0,44,0.5,0,0,0,0,0,0,0,0,0.00,0.00,0.00,0.00,0.00,Matches,bad7d8a9
113,Chiqueti,br BRA,MF,Athletico–PR,20-289,2005,8,0,221,2.5,0,0,0,0,0,0,1,0,0.00,0.00,0.00,0.00,0.00,Matches,c1aaf0bf
114,Christian,br BRA,MF,Cruzeiro,25-181,2000,17,15,1249,13.9,5,3,8,5,0,0,1,0,0.36,0.22,0.58,0.36,0.58,Matches,a856b456
115,Mamady Cissé,gn GUI,MF,Atlético Mineiro,19-168,2007,8,0,175,1.9,1,0,1,1,0,0,0,0,0.51,0.00,0.51,0.51,0.51,Matches,431e42f4
116,Walter Clar,py PAR,DFMF,Chapecoense,31-264,1994,10,9,765,8.5,3,1,4,1,2,2,0,0,0.35,0.12,0.47,0.12,0.24,Matches,5f6d3364
117,Claudinho,br BRA,DF,Vitória,25-267,2000,2,1,115,1.3,0,0,0,0,0,0,0,0,0.00,0.00,0.00,0.00,0.00,Matches,a921647d
118,Robert Conceição,br BRA,MF,Chapecoense,22-333,2003,1,0,16,0.2,0,0,0,0,0,0,0,0,0.00,0.00,0.00,0.00,0.00,Matches,7db41b8c
119,Joaquín Correa,ar ARG,FW,Botafogo–RJ,31-309,1994,6,1,183,2.0,0,1,1,0,0,0,3,0,0.00,0.49,0.49,0.00,0.49,Matches,45b9b619
120,Tiago Coser,br BRA,DF,Coritiba,22-153,2004,15,10,912,10.1,1,0,1,1,0,0,1,1,0.10,0.00,0.10,0.10,0.10,Matches,7afb90a6
121,Francisco da Costa,br BRA,FW,Cruzeiro,31-044,1995,7,1,191,2.1,0,1,1,0,0,0,0,0,0.00,0.47,0.47,0.00,0.47,Matches,bc16535e
122,Philippe Coutinho,br BRA,MF,Vasco da Gama,34-006,1992,3,3,257,2.9,1,0,1,1,0,0,0,0,0.35,0.00,0.35,0.35,0.35,Matches,0ef89a37
123,João Cruz,br BRA,MF,Athletico–PR,20-037,2006,12,3,404,4.5,0,3,3,0,0,0,2,0,0.00,0.67,0.67,0.00,0.67,Matches,6e3b3445
124,Tomás Cuello,ar ARG,MF,Atlético Mineiro,26-105,2000,17,14,1204,13.4,2,1,3,2,0,0,1,0,0.15,0.07,0.22,0.15,0.22,Matches,5c8615dd
125,Carlos Cuesta,co COL,DF,Vasco da Gama,27-101,1999,8,8,719,8.0,0,1,1,0,0,0,1,1,0.00,0.13,0.13,0.00,0.13,Matches,574fff8c
126,Braian Cufré,ar ARG,DFMF,Remo,29-185,1996,1,0,32,0.4,0,0,0,0,0,0,0,0,0.00,0.00,0.00,0.00,0.00,Matches,192c89a6
127,Cuiabano,br BRA,DF,Vasco da Gama,23-122,2003,11,8,771,8.6,2,3,5,2,0,0,2,0,0.23,0.35,0.58,0.23,0.58,Matches,7e49bdbd
128,Matheus Cunha,br BRA,GK,Cruzeiro,25-025,2001,9,8,749,8.3,0,1,1,0,0,0,1,0,0.00,0.12,0.12,0.00,0.12,Matches,9475960a
129,Danielzinho,br BRA,MF,São Paulo,31-226,1994,16,16,1274,14.2,1,1,2,1,0,0,1,0,0.07,0.07,0.14,0.07,0.14,Matches,320de24c
130,Danilo,br BRA,DF,Flamengo,34-338,1991,4,2,205,2.3,0,0,0,0,0,0,2,1,0.00,0.00,0.00,0.00,0.00,Matches,94b2001f
131,David,br BRA,FW,Vasco da Gama,30-244,1995,15,10,759,8.4,2,2,4,2,0,0,0,0,0.24,0.24,0.47,0.24,0.47,Matches,92f9ace5
132,Nicolás De La Cruz,uy URU,MF,Flamengo,29-017,1997,10,1,232,2.6,0,0,0,0,0,0,2,0,0.00,0.00,0.00,0.00,0.00,Matches,8fda5c72
133,Dell,br BRA,FW,Bahia,18-009,2008,4,0,72,0.8,0,0,0,0,0,0,0,1,0.00,0.00,0.00,0.00,0.00,Matches,1c5c98ed
134,Denilson,br BRA,MF,Mirassol,25-087,2001,10,7,491,5.5,1,0,1,1,0,0,1,0,0.18,0.00,0.18,0.18,0.18,Matches,9144afdf
135,Leonardo Derik,br BRA,MFDF,Athletico–PR,20-329,2005,10,4,505,5.6,0,0,0,0,0,0,0,0,0.00,0.00,0.00,0.00,0.00,Matches,23bc4ec7
136,Arthur Dias,br BRA,DF,Athletico–PR,19-069,2007,17,17,1492,16.6,0,0,0,0,0,0,5,0,0.00,0.00,0.00,0.00,0.00,Matches,60a6d677
137,Enzo Díaz,ar ARG,DF,São Paulo,30-193,1995,13,11,927,10.3,0,1,1,0,0,0,7,0,0.00,0.10,0.10,0.00,0.10,Matches,411d2dc0
138,Lautaro Díaz,ar ARG,FW,Santos,28-028,1998,8,2,243,2.7,1,0,1,1,0,0,0,0,0.37,0.00,0.37,0.37,0.37,Matches,28b89ba7
139,Dieguinho,br BRA,MF,Corinthians,18-337,2007,8,0,135,1.5,1,0,1,1,0,0,0,0,0.67,0.00,0.67,0.67,0.67,Matches,5c983aa2
140,Diogenes,br BRA,GK,Santos,25-163,2001,2,2,180,2.0,0,0,0,0,0,0,1,0,0.00,0.00,0.00,0.00,0.00,Matches,858e2e40
141,Dodi,br BRA,MF,Grêmio,30-062,1996,6,1,184,2.0,0,0,0,0,0,0,2,0,0.00,0.00,0.00,0.00,0.00,Matches,2830b8f7
142,Dodô,br BRA,MF,Remo,31-286,1994,1,0,24,0.3,0,0,0,0,0,0,1,0,0.00,0.00,0.00,0.00,0.00,Matches,af7fd224
143,Eduardo Doma,br BRA,DF,Chapecoense,27-293,1998,15,15,1280,14.2,1,0,1,1,0,0,4,1,0.07,0.00,0.07,0.07,0.07,Matches,57f4a036
144,Dória,br BRA,DF,São Paulo,31-222,1994,4,2,228,2.5,1,0,1,1,0,0,0,0,0.39,0.00,0.39,0.39,0.39,Matches,d28b4a9d
145,Thiago dos Santos,br BRA,MF,Coritiba,36-286,1989,11,5,446,5.0,0,0,0,0,0,0,3,0,0.00,0.00,0.00,0.00,0.00,Matches,5408d2b2
146,Alexis Duarte,py PAR,DF,Santos,26-098,2000,1,1,90,1.0,0,0,0,0,0,0,1,0,0.00,0.00,0.00,0.00,0.00,Matches,a9f8c8c2
147,David Duarte,br BRA,DF,Bahia,31-145,1995,11,11,990,11.0,2,0,2,2,0,0,2,0,0.18,0.00,0.18,0.18,0.18,Matches,91bf16f7
148,Dudu,br BRA,MF,Athletico–PR,20-168,2006,11,7,598,6.6,1,1,2,1,0,0,0,0,0.15,0.15,0.30,0.15,0.30,Matches,630a919d
149,Dudu,br BRA,MF,Vitória,27-013,1999,3,1,168,1.9,1,0,1,1,0,0,0,0,0.54,0.00,0.54,0.54,0.54,Matches,c9ebe876
150,Dudu,br BRA,MF,Atlético Mineiro,34-162,1992,12,2,313,3.5,2,0,2,2,0,0,0,0,0.58,0.00,0.58,0.58,0.58,Matches,895ef5ec
151,Edenilson,br BRA,DF,Vitória,21-001,2005,8,4,379,4.2,0,0,0,0,0,0,1,1,0.00,0.00,0.00,0.00,0.00,Matches,4edc21a7
152,Edenílson,br BRA,MF,Grêmio,36-182,1989,3,2,152,1.7,1,0,1,1,0,0,0,0,0.59,0.00,0.59,0.59,0.59,Matches,4e50f20e
153,Edenílson,br BRA,MFFW,Botafogo–RJ,36-182,1989,12,6,569,6.3,3,2,5,3,0,0,2,0,0.47,0.32,0.79,0.47,0.79,Matches,4e50f20e
154,EDU,br BRA,DF,Vitória,26-002,2000,1,1,70,0.8,0,0,0,0,0,0,0,0,0.00,0.00,0.00,0.00,0.00,Matches,01dc4e41
155,Carlos Eduardo,br BRA,MF,Mirassol,36-244,1989,11,6,553,6.1,2,0,2,2,0,0,1,1,0.33,0.00,0.33,0.33,0.33,Matches,1a234d32
156,Carlos Eduardo,br BRA,MFFW,Mirassol,29-251,1996,10,7,505,5.6,1,1,2,0,1,1,1,0,0.18,0.18,0.36,0.00,0.18,Matches,27c23008
157,Luis Eduardo,br BRA,DF,Grêmio,18-153,2008,2,2,180,2.0,0,0,0,0,0,0,0,0,0.00,0.00,0.00,0.00,0.00,Matches,ef49e2ed
158,Vinicius Eduardo,br BRA,DF,Chapecoense,21-120,2005,2,0,62,0.7,0,0,0,0,0,0,1,0,0.00,0.00,0.00,0.00,0.00,Matches,3f0afcf0
159,Emerson,br BRA,DF,Flamengo,27-155,1999,8,6,494,5.5,0,1,1,0,0,0,0,0,0.00,0.18,0.18,0.00,0.18,Matches,df8b52a5
160,Leandro Emmanuel Martínez,ar ARG,MF,Vitória,32-014,1994,14,12,1108,12.3,0,0,0,0,0,0,5,0,0.00,0.00,0.00,0.00,0.00,Matches,74758396
161,José Enamorado,co COL,MFFW,Grêmio,27-156,1999,17,10,851,9.5,0,2,2,0,0,0,3,0,0.00,0.21,0.21,0.00,0.21,Matches,5a1ce0cb
162,Ênio,br BRA,MFFW,Chapecoense,25-107,2001,9,7,636,7.1,1,0,1,1,0,0,2,0,0.14,0.00,0.14,0.14,0.14,Matches,661b892f
163,Erick,br BRA,MF,Bahia,28-216,1997,14,8,846,9.4,2,0,2,2,0,0,4,0,0.21,0.00,0.21,0.21,0.21,Matches,8a826636
164,Erick,br BRA,MFFW,Vitória,28-190,1997,16,13,1163,12.9,2,4,6,1,1,1,1,0,0.15,0.31,0.46,0.08,0.39,Matches,8edcad0d
165,Gonzalo Escobar,ar ARG,DF,Santos,29-094,1997,12,12,1047,11.6,0,1,1,0,0,0,5,0,0.00,0.09,0.09,0.00,0.09,Matches,12207ec1
166,Lucas Esquivel,ar ARG,DFMF,Athletico–PR,24-247,2001,14,14,1115,12.4,1,3,4,1,0,0,1,1,0.08,0.24,0.32,0.08,0.32,Matches,404169c2
167,Lucas Evangelista,br BRA,MF,Palmeiras,31-043,1995,16,2,395,4.4,0,1,1,0,0,0,1,0,0.00,0.23,0.23,0.00,0.23,Matches,5f4ce4b6
168,Éverson,br BRA,GK,Atlético Mineiro,35-331,1990,18,18,1620,18.0,0,1,1,0,0,0,0,0,0.00,0.06,0.06,0.00,0.06,Matches,a59c090b
169,Everton,br BRA,FWMF,Mirassol,29-093,1997,8,0,232,2.6,0,0,0,0,0,0,0,0,0.00,0.00,0.00,0.00,0.00,Matches,3b66e70c
170,Everton,br BRA,MFDF,Chapecoense,31-069,1995,14,12,951,10.6,0,1,1,0,0,0,6,1,0.00,0.09,0.09,0.00,0.09,Matches,507781a4
171,Evertton,br BRA,MF,Flamengo,23-110,2003,13,11,846,9.4,0,1,1,0,0,0,4,1,0.00,0.11,0.11,0.00,0.11,Matches,4961c6f4
172,Fabinho,br BRA,FWMF,Coritiba,26-212,1999,7,0,94,1.0,0,0,0,0,0,0,1,0,0.00,0.00,0.00,0.00,0.00,Matches,7ea8af29
173,Fabinho,br BRA,MF,RB Bragantino,24-070,2002,5,3,223,2.5,0,0,0,0,0,0,2,1,0.00,0.00,0.00,0.00,0.00,Matches,ff0e595c
174,Fábio,br BRA,GK,Fluminense,45-261,1980,18,18,1620,18.0,0,0,0,0,0,0,1,0,0.00,0.00,0.00,0.00,0.00,Matches,15825726
175,Fabrício,br BRA,FW,Vitória,25-253,2000,8,1,189,2.1,0,1,1,0,0,0,0,0,0.00,0.48,0.48,0.00,0.48,Matches,e2290a67
176,Fagner,br BRA,DF,Cruzeiro,37-007,1989,12,8,712,7.9,0,1,1,0,0,0,1,0,0.00,0.13,0.13,0.00,0.13,Matches,a9cc58fe
177,Juan Felipe Aguirre,co COL,DF,Athletico–PR,29-293,1996,14,13,1160,12.9,1,0,1,1,0,0,1,0,0.08,0.00,0.08,0.08,0.08,Matches,72898527
178,Luiz Felipe,br BRA,DF,Internacional,20-030,2006,1,0,5,0.1,0,0,0,0,0,0,0,0,0.00,0.00,0.00,0.00,0.00,Matches,f519264a
179,Felipinho,br BRA,MF,Athletico–PR,24-243,2001,7,4,360,4.0,0,0,0,0,0,0,2,0,0.00,0.00,0.00,0.00,0.00,Matches,b31af3a6
180,Matheus Fernandes,br BRA,MF,RB Bragantino,27-353,1998,11,8,657,7.3,0,1,1,0,0,0,2,0,0.00,0.14,0.14,0.00,0.14,Matches,f76fdcd2
181,Nathan Fernandes,br BRA,DF,Botafogo–RJ,21-122,2005,4,0,81,0.9,0,1,1,0,0,0,0,0,0.00,1.11,1.11,0.00,1.11,Matches,239bbd8b
182,Roger Fernandes,br BRA,FW,Grêmio,18-050,2008,2,0,33,0.4,0,0,0,0,0,0,0,0,0.00,0.00,0.00,0.00,0.00,Matches,1fe12f16
183,Fernando,br BRA,MF,RB Bragantino,27-109,1999,8,1,188,2.1,2,1,3,2,0,0,0,0,0.96,0.48,1.44,0.96,1.44,Matches,d9d43555
184,Luiz Fernando,br BRA,FWMF,Athletico–PR,29-245,1996,1,0,10,0.1,0,0,0,0,0,0,0,0,0.00,0.00,0.00,0.00,0.00,Matches,824ed016
185,Nahuel Ferraresi,ve VEN,DF,São Paulo,27-211,1998,2,0,21,0.2,0,0,0,0,0,0,0,0,0.00,0.00,0.00,0.00,0.00,Matches,719aab45
186,Nahuel Ferraresi,ve VEN,DF,Botafogo–RJ,27-211,1998,12,10,918,10.2,1,0,1,1,0,0,2,0,0.10,0.00,0.10,0.10,0.10,Matches,719aab45
187,Ferreira,br BRA,MFFW,São Paulo,28-169,1997,13,6,517,5.7,4,0,4,4,0,0,2,0,0.70,0.00,0.70,0.70,0.70,Matches,1414e902
188,Djhordney Ferreira,br BRA,MF,São Paulo,19-001,2007,2,1,61,0.7,0,0,0,0,0,0,1,0,0.00,0.00,0.00,0.00,0.00,Matches,d93eadad
189,Nicolás Ferreira,uy URU,FW,Remo,24-131,2002,1,0,21,0.2,0,0,0,0,0,0,0,0,0.00,0.00,0.00,0.00,0.00,Matches,eaa5c295
190,Riquelme Fillipi,br BRA,FW,Palmeiras,19-276,2006,2,0,53,0.6,0,0,0,0,0,0,0,0,0.00,0.00,0.00,0.00,0.00,Matches,6f913257
191,Nathan Fogaça,br BRA,FW,Mirassol,27-009,1999,10,2,352,3.9,2,0,2,2,0,0,2,0,0.51,0.00,0.51,0.51,0.51,Matches,aad135a3
192,Jeferson Forneck,br BRA,MF,Grêmio,19-186,2006,1,0,5,0.1,0,0,0,0,0,0,0,0,0.00,0.00,0.00,0.00,0.00,Matches,c8b76684
193,Matheus França,br BRA,FW,Vasco da Gama,22-078,2004,3,0,65,0.7,0,0,0,0,0,0,0,0,0.00,0.00,0.00,0.00,0.00,Matches,077faf72
194,Alan Franco,ec ECU,MFDF,Atlético Mineiro,27-301,1998,15,15,1304,14.5,0,1,1,0,0,0,3,0,0.00,0.07,0.07,0.00,0.07,Matches,c76b161b
195,Alan Franco,ar ARG,DF,São Paulo,29-250,1996,13,13,1073,11.9,0,0,0,0,0,0,3,0,0.00,0.00,0.00,0.00,0.00,Matches,a548281c
196,Lucas Freitas,br BRA,DF,Vasco da Gama,25-149,2001,2,0,4,0.0,0,0,0,0,0,0,0,0,0.00,0.00,0.00,0.00,0.00,Matches,a92be6c1
197,Marlon Freitas,br BRA,MF,Palmeiras,31-083,1995,17,17,1484,16.5,2,1,3,2,0,0,3,0,0.12,0.06,0.18,0.12,0.18,Matches,ae3181de
198,Riquelme Freitas,br BRA,MF,Grêmio,19-309,2006,2,0,40,0.4,0,0,0,0,0,0,2,1,0.00,0.00,0.00,0.00,0.00,Matches,36e163aa
199,Juan Freytes,ar ARG,DF,Fluminense,26-158,2000,15,15,1350,15.0,0,0,0,0,0,0,4,0,0.00,0.00,0.00,0.00,0.00,Matches,b9863758
200,Adonis Frías,ar ARG,DF,Santos,28-093,1998,8,8,675,7.5,1,0,1,1,0,0,1,0,0.13,0.00,0.13,0.13,0.13,Matches,1b2f1090
201,Bruno Fuchs,br BRA,DF,Palmeiras,27-078,1999,7,5,507,5.6,0,0,0,0,0,0,0,0,0.00,0.00,0.00,0.00,0.00,Matches,ee89e28d
202,Gabriel,br BRA,DF,Bahia,25-043,2001,6,5,429,4.8,0,0,0,0,0,0,2,0,0.00,0.00,0.00,0.00,0.00,Matches,4fd28619
203,Gabriel,br BRA,MF,Mirassol,32-273,1993,7,2,254,2.8,0,1,1,0,0,0,1,0,0.00,0.35,0.35,0.00,0.35,Matches,0d10333c
204,Gabriel,br BRA,GK,Vitória,33-264,1992,4,4,360,4.0,0,0,0,0,0,0,0,0,0.00,0.00,0.00,0.00,0.00,Matches,f93ed0df
205,Gabriel,br BRA,MF,RB Bragantino,33-343,1992,16,16,1187,13.2,2,0,2,2,0,0,5,0,0.15,0.00,0.15,0.15,0.15,Matches,e9c0d5d8
206,Pedro Gabriel,br BRA,DFMF,Grêmio,19-012,2007,9,9,704,7.8,0,1,1,0,0,0,3,0,0.00,0.13,0.13,0.00,0.13,Matches,9a05bad9
207,Rhuan Gabriel,br BRA,MF,Cruzeiro,20-132,2006,1,0,13,0.1,0,0,0,0,0,0,0,0,0.00,0.00,0.00,0.00,0.00,Matches,a9452270
208,Victor Gabriel,br BRA,DF,Internacional,22-051,2004,15,13,1176,13.1,0,0,0,0,0,0,7,0,0.00,0.00,0.00,0.00,0.00,Matches,d1c8df97
209,Antonio Galeano,py PAR,MF,Mirassol,26-088,2000,11,2,292,3.2,0,0,0,0,0,0,1,0,0.00,0.00,0.00,0.00,0.00,Matches,f7d301ee
210,Ganso,br BRA,MF,Fluminense,36-249,1989,12,2,338,3.8,0,0,0,0,0,0,1,0,0.00,0.00,0.00,0.00,0.00,Matches,23593121
211,Maurício Garcez,br BRA,FW,Chapecoense,29-094,1997,8,3,436,4.8,0,0,0,0,0,0,0,0,0.00,0.00,0.00,0.00,0.00,Matches,1c060dbf
212,Rodrigo Garro,ar ARG,MFFW,Corinthians,28-165,1998,18,14,1221,13.6,2,6,8,2,0,0,3,0,0.15,0.44,0.59,0.15,0.59,Matches,42b3b51f
213,Gerson,br BRA,MF,Cruzeiro,29-029,1997,17,17,1347,15.0,0,1,1,0,0,0,1,0,0.00,0.07,0.07,0.00,0.07,Matches,8827bf46
214,Agustín Giay,ar ARG,DF,Palmeiras,22-153,2004,15,11,1008,11.2,0,0,0,0,0,0,3,0,0.00,0.00,0.00,0.00,0.00,Matches,8047b72e
215,Gilberto,br BRA,DF,Bahia,33-103,1993,7,5,488,5.4,0,1,1,0,0,0,0,0,0.00,0.18,0.18,0.00,0.18,Matches,1338e42b
216,Gilberto,br BRA,MF,Athletico–PR,21-083,2005,5,3,267,3.0,0,0,0,0,0,0,0,0,0.00,0.00,0.00,0.00,0.00,Matches,9aea767e
217,Bruno Gomes,br BRA,DF,Internacional,25-075,2001,18,17,1434,15.9,0,0,0,0,0,0,2,0,0.00,0.00,0.00,0.00,0.00,Matches,76f2bbf8
218,Davi Gomes,br BRA,FW,RB Bragantino,21-012,2005,2,0,25,0.3,0,0,0,0,0,0,0,0,0.00,0.00,0.00,0.00,0.00,Matches,4081e2e8
219,Igor Gomes,br BRA,MF,Atlético Mineiro,27-093,1999,5,2,231,2.6,0,0,0,0,0,0,1,0,0.00,0.00,0.00,0.00,0.00,Matches,6a7fb945
220,Andrés Gómez,co COL,MF,Vasco da Gama,23-279,2002,16,15,1321,14.7,3,1,4,3,0,0,6,0,0.20,0.07,0.27,0.20,0.27,Matches,76a82373
221,Gustavo Gómez,py PAR,DF,Palmeiras,33-043,1993,16,16,1429,15.9,3,0,3,3,0,0,0,0,0.19,0.00,0.19,0.19,0.19,Matches,d5ce52a5
222,Román Gómez,ar ARG,DF,Bahia,21-339,2004,3,3,270,3.0,0,0,0,0,0,0,1,0,0.00,0.00,0.00,0.00,0.00,Matches,68084f40
223,Sebastián Gómez,co COL,MF,Coritiba,30-015,1996,15,15,1194,13.3,0,0,0,0,0,0,3,0,0.00,0.00,0.00,0.00,0.00,Matches,233de573
224,Nuno Gonçalo Moreira,pt POR,MF,Vasco da Gama,27-002,1999,15,11,784,8.7,1,1,2,1,0,0,2,0,0.11,0.11,0.23,0.11,0.23,Matches,c28df63c
225,Rafael Gonzaga,br BRA,DF,Santos,18-131,2008,1,0,45,0.5,0,0,0,0,0,0,0,0,0.00,0.00,0.00,0.00,0.00,Matches,fdc4897c
226,Guga,br BRA,DF,Fluminense,27-293,1998,11,7,670,7.4,0,2,2,0,0,0,1,0,0.00,0.27,0.27,0.00,0.27,Matches,6975a3e1
227,Zé Guilherme,br BRA,DF,Bahia,21-094,2005,1,1,64,0.7,0,0,0,0,0,0,0,0,0.00,0.00,0.00,0.00,0.00,Matches,9fd07241
228,Gustavinho,br BRA,MF,RB Bragantino,22-056,2004,14,7,639,7.1,1,1,2,1,0,0,1,0,0.14,0.14,0.28,0.14,0.28,Matches,9525ddcd
229,Gustavo,br BRA,MF,Coritiba,23-280,2002,4,0,61,0.7,0,0,0,0,0,0,0,0,0.00,0.00,0.00,0.00,0.00,Matches,226c2775
230,Luiz Gustavo,br BRA,MF,Athletico–PR,38-330,1987,13,12,994,11.0,2,0,2,2,0,0,3,0,0.18,0.00,0.18,0.18,0.18,Matches,82671804
231,Bruno Henrique,br BRA,MFFW,Flamengo,35-170,1990,12,2,354,3.9,0,1,1,0,0,0,2,0,0.00,0.25,0.25,0.00,0.25,Matches,5edff24f
232,Bruno Henrique,br BRA,MF,Internacional,36-240,1989,15,11,908,10.1,0,1,1,0,0,0,0,0,0.00,0.10,0.10,0.00,0.10,Matches,5a43b021
233,Gustavo Henrique,br BRA,MF,Santos,21-072,2005,8,8,584,6.5,0,0,0,0,0,0,5,1,0.00,0.00,0.00,0.00,0.00,Matches,0d51aa96
234,Gustavo Henrique,br BRA,DF,Corinthians,33-086,1993,15,15,1350,15.0,0,0,0,0,0,0,3,0,0.00,0.00,0.00,0.00,0.00,Matches,fa066690
235,Matheus Henrique,br BRA,MF,Cruzeiro,28-181,1997,17,7,766,8.5,0,0,0,0,0,0,1,0,0.00,0.00,0.00,0.00,0.00,Matches,a2d9f138
236,Paulo Henrique,br BRA,DF,Vasco da Gama,29-328,1996,12,10,777,8.6,0,2,2,0,0,0,3,0,0.00,0.23,0.23,0.00,0.23,Matches,25a0cb08
237,Pedro Henrique,br BRA,DF,RB Bragantino,30-259,1995,11,8,805,8.9,0,0,0,0,0,0,3,0,0.00,0.00,0.00,0.00,0.00,Matches,4322e5d7
238,Hércules,br BRA,MF,Fluminense,25-241,2000,16,10,938,10.4,3,0,3,3,0,0,1,0,0.29,0.00,0.29,0.29,0.29,Matches,eadc7b45
239,Diego Hernández,uy URU,MF,Remo,25-361,2000,9,1,162,1.8,0,1,1,0,0,0,2,0,0.00,0.56,0.56,0.00,0.56,Matches,279cc0e8
240,Jhoan Hernández,co COL,DF,Botafogo–RJ,20-118,2006,1,1,48,0.5,0,0,0,0,0,0,0,0,0.00,0.00,0.00,0.00,0.00,Matches,6697cafb
241,José Herrera,ar ARG,MFFW,RB Bragantino,23-063,2003,14,10,724,8.0,1,0,1,1,0,0,3,0,0.12,0.00,0.12,0.12,0.12,Matches,1dcddc4d
242,Marino Hinestroza,co COL,MF,Vasco da Gama,23-345,2002,8,1,227,2.5,0,0,0,0,0,0,0,0,0.00,0.00,0.00,0.00,0.00,Matches,f397ba12
243,Victor Hugo,br BRA,MFFW,Atlético Mineiro,22-038,2004,15,15,1204,13.4,3,1,4,3,0,0,0,0,0.22,0.07,0.30,0.22,0.30,Matches,33fca7f7
244,Vitor Hugo,br BRA,DF,Atlético Mineiro,35-029,1991,6,5,471,5.2,1,0,1,1,0,0,1,0,0.19,0.00,0.19,0.19,0.19,Matches,f2c1300a
245,Huguinho,br BRA,MF,Botafogo–RJ,19-073,2007,3,3,255,2.8,1,0,1,1,0,0,1,0,0.35,0.00,0.35,0.35,0.35,Matches,9368b299
246,Hulk,br BRA,FWMF,Atlético Mineiro,39-328,1986,12,11,906,10.1,1,3,4,1,0,0,1,0,0.10,0.30,0.40,0.10,0.40,Matches,33a1f72e
247,José Hurtado,ec ECU,DF,RB Bragantino,24-177,2001,12,11,922,10.2,1,0,1,1,0,0,2,0,0.10,0.00,0.10,0.10,0.10,Matches,cb067e96
248,Iago,br BRA,DF,Bahia,29-087,1997,3,1,127,1.4,0,0,0,0,0,0,0,0,0.00,0.00,0.00,0.00,0.00,Matches,054849d2
249,Ignácio,br BRA,DF,Fluminense,29-199,1996,7,6,541,6.0,0,1,1,0,0,0,1,0,0.00,0.17,0.17,0.00,0.17,Matches,2e005e3b
250,Isaac,br BRA,MF,Athletico–PR,22-055,2004,1,0,18,0.2,0,0,0,0,0,0,0,0,0.00,0.00,0.00,0.00,0.00,Matches,e43ddd61
251,Italo,br BRA,MFFW,Chapecoense,23-248,2002,15,8,716,8.0,0,0,0,0,0,0,1,0,0.00,0.00,0.00,0.00,0.00,Matches,da8bc098
252,Zé Ivaldo,br BRA,DF,Santos,29-117,1997,5,4,358,4.0,0,0,0,0,0,0,1,0,0.00,0.00,0.00,0.00,0.00,Matches,5b6e7010
253,Ivan,br BRA,GK,Remo,28-351,1997,1,1,90,1.0,0,0,0,0,0,0,0,0,0.00,0.00,0.00,0.00,0.00,Matches,43895807
254,Jacy,br BRA,DF,Coritiba,28-342,1997,15,12,1104,12.3,1,0,1,1,0,0,2,1,0.08,0.00,0.08,0.08,0.08,Matches,f6b46b90
255,Jáderson,br BRA,MF,Remo,25-310,2000,10,2,209,2.3,0,0,0,0,0,0,0,0,0.00,0.00,0.00,0.00,0.00,Matches,5ba6a4ff
256,Jadson,br BRA,MF,Athletico–PR,32-292,1993,12,8,714,7.9,0,1,1,0,0,0,4,0,0.00,0.13,0.13,0.00,0.13,Matches,05748af4
257,Jajá,br BRA,MFFW,Remo,27-218,1998,14,10,890,9.9,4,1,5,4,0,0,1,1,0.40,0.10,0.51,0.40,0.51,Matches,e23c0d1d
258,Jamerson,br BRA,DF,Vitória,27-282,1998,6,3,313,3.5,0,0,0,0,0,0,1,0,0.00,0.00,0.00,0.00,0.00,Matches,7910d817
259,Léo Jardim,br BRA,GK,Vasco da Gama,31-090,1995,18,18,1620,18.0,0,0,0,0,0,0,1,0,0.00,0.00,0.00,0.00,0.00,Matches,f5dfc256
260,Jefté,br BRA,DF,Palmeiras,22-179,2003,7,3,243,2.7,0,1,1,0,0,0,1,0,0.00,0.37,0.37,0.00,0.37,Matches,94217eae
261,Jemmes,br BRA,DF,Fluminense,26-070,2000,14,13,1126,12.5,0,1,1,0,0,0,3,0,0.00,0.08,0.08,0.00,0.08,Matches,341cadaf
262,Claudio Jesus,br BRA,MF,Athletico–PR,20-235,2005,3,2,243,2.7,0,1,1,0,0,0,0,0,0.00,0.37,0.37,0.00,0.37,Matches,b6d674c0
263,Caíque de Jesus Gonçalves,br BRA,MFDF,Vitória,30-251,1995,15,15,1137,12.6,0,0,0,0,0,0,3,0,0.00,0.00,0.00,0.00,0.00,Matches,e075d03e
264,Felipe Jonatan,br BRA,DFMF,Coritiba,28-123,1998,11,5,546,6.1,0,0,0,0,0,0,0,0,0.00,0.00,0.00,0.00,0.00,Matches,0102ca7f
265,Jonathan,br BRA,DF,Cruzeiro,22-022,2004,10,9,798,8.9,0,0,0,0,0,0,0,0,0.00,0.00,0.00,0.00,0.00,Matches,a25c009d
266,Kaio Jorge,br BRA,FW,Cruzeiro,24-145,2002,12,11,911,10.1,4,0,4,1,3,3,0,0,0.40,0.00,0.40,0.10,0.10,Matches,0cf465f2
267,Jorginho,it ITA,MF,Flamengo,34-180,1991,11,10,884,9.8,2,0,2,0,2,2,3,1,0.20,0.00,0.20,0.00,0.00,Matches,45db685d
268,Willian José,br BRA,FW,Bahia,34-207,1991,16,13,896,10.0,3,1,4,2,1,2,0,0,0.30,0.10,0.40,0.20,0.30,Matches,d87e2cae
269,Joshua,br BRA,MF,Flamengo,19-023,2007,1,0,6,0.1,0,0,0,0,0,0,0,0,0.00,0.00,0.00,0.00,0.00,Matches,04347cef
270,Luciano Juba,br BRA,DF,Bahia,26-293,1999,15,15,1319,14.7,7,1,8,5,2,3,2,0,0.48,0.07,0.55,0.34,0.41,Matches,c2abc321
271,Julimar,br BRA,MFFW,Athletico–PR,25-144,2001,13,9,721,8.0,3,1,4,2,1,2,2,0,0.37,0.12,0.50,0.25,0.37,Matches,5fca1c6c
272,Juninho,br BRA,DF,Internacional,30-174,1995,3,2,161,1.8,0,0,0,0,0,0,0,0,0.00,0.00,0.00,0.00,0.00,Matches,72c01cfb
273,Robinho Junior,br BRA,MF,Santos,18-183,2007,4,0,49,0.5,0,0,0,0,0,0,0,0,0.00,0.00,0.00,0.00,0.00,Matches,5042b172
274,Gabriel Justino,br BRA,DF,Botafogo–RJ,20-063,2006,6,3,317,3.5,0,0,0,0,0,0,1,0,0.00,0.00,0.00,0.00,0.00,Matches,bd01d413
275,Kanu,br BRA,DF,Bahia,29-103,1997,3,3,237,2.6,0,0,0,0,0,0,2,0,0.00,0.00,0.00,0.00,0.00,Matches,fefa9b9a
276,Kauê,br BRA,GK,Corinthians,22-130,2004,2,2,180,2.0,0,0,0,0,0,0,1,0,0.00,0.00,0.00,0.00,0.00,Matches,456ce27f
277,Kayke,br BRA,MF,Corinthians,22-051,2004,6,2,233,2.6,0,0,0,0,0,0,0,0,0.00,0.00,0.00,0.00,0.00,Matches,ce705c56
278,Renato Kayser,br BRA,FW,Vitória,30-121,1996,12,10,639,7.1,3,1,4,2,1,2,3,0,0.42,0.14,0.56,0.28,0.42,Matches,c7495dda
279,Kenji,br BRA,MF,Cruzeiro,20-139,2006,7,1,179,2.0,1,0,1,1,0,0,2,0,0.50,0.00,0.50,0.50,0.50,Matches,492ade3c
280,John Kennedy,br BRA,FW,Fluminense,24-031,2002,17,13,1089,12.1,9,1,10,9,0,0,0,0,0.74,0.08,0.83,0.74,0.83,Matches,132880e0
281,Keno,br BRA,FWMF,Coritiba,36-281,1989,4,0,83,0.9,0,0,0,0,0,0,0,0,0.00,0.00,0.00,0.00,0.00,Matches,98558c11
282,Khellven,br BRA,DF,Palmeiras,25-113,2001,13,8,667,7.4,0,0,0,0,0,0,2,0,0.00,0.00,0.00,0.00,0.00,Matches,cf18ab1b
283,Zakaria Labyad,ma MAR,FWMF,Corinthians,33-101,1993,8,0,95,1.1,1,1,2,1,0,0,1,0,0.95,0.95,1.89,0.95,1.89,Matches,ebc56869
284,Larson,br BRA,MF,Palmeiras,20-343,2005,4,0,55,0.6,0,0,0,0,0,0,0,0,0.00,0.00,0.00,0.00,0.00,Matches,93175c23
285,Joaquín Lavega,uy URU,MF,Coritiba,21-135,2005,17,10,839,9.3,5,1,6,5,0,0,3,0,0.54,0.11,0.64,0.54,0.64,Matches,c67a5e1d
286,Lawan,br BRA,FW,Vitória,21-024,2005,1,0,13,0.1,0,0,0,0,0,0,1,0,0.00,0.00,0.00,0.00,0.00,Matches,eeef2120
287,Léo,br BRA,GK,Chapecoense,35-269,1990,7,7,630,7.0,0,0,0,0,0,0,1,0,0.00,0.00,0.00,0.00,0.00,Matches,5404291d
288,Léo,br BRA,GK,Bahia,35-269,1990,9,9,764,8.5,0,0,0,0,0,0,0,0,0.00,0.00,0.00,0.00,0.00,Matches,5404291d
289,Bruno Leonardo,br BRA,DF,Chapecoense,30-016,1996,14,14,1219,13.5,0,0,0,0,0,0,3,0,0.00,0.00,0.00,0.00,0.00,Matches,0dfd6e28
290,Hugo Leonardo,br BRA,MF,São Paulo,22-150,2004,1,0,19,0.2,0,0,0,0,0,0,0,0,0.00,0.00,0.00,0.00,0.00,Matches,4e669c97
291,Leozinho,br BRA,FW,Athletico–PR,27-195,1998,5,0,86,1.0,0,0,0,0,0,0,1,0,0.00,0.00,0.00,0.00,0.00,Matches,0ca96dcb
292,Lima,br BRA,FWMF,Fluminense,30-007,1996,1,0,2,0.0,0,0,0,0,0,0,1,0,0.00,0.00,0.00,0.00,0.00,Matches,d215c7de
293,Jesse Lingard,eng ENG,MFFW,Corinthians,33-185,1992,9,5,407,4.5,0,1,1,0,0,0,2,0,0.00,0.22,0.22,0.00,0.22,Matches,810e3c74
294,Samuel Lino,br BRA,MF,Flamengo,26-177,1999,17,13,1004,11.2,4,6,10,4,0,0,2,0,0.36,0.54,0.90,0.36,0.90,Matches,2a295d33
295,Vinicius Lira,br BRA,DF,Santos,18-249,2007,5,4,353,3.9,0,0,0,0,0,0,1,0,0.00,0.00,0.00,0.00,0.00,Matches,c7771fd8
296,Renan Lodi,br BRA,DFMF,Atlético Mineiro,28-071,1998,17,17,1513,16.8,0,2,2,0,0,0,2,1,0.00,0.12,0.12,0.00,0.12,Matches,ed9f7cfe
297,Marcelo Lomba,br BRA,GK,Palmeiras,39-182,1986,1,1,90,1.0,0,0,0,0,0,0,0,0,0.00,0.00,0.00,0.00,0.00,Matches,e4835e3c
298,Bruno Lopes,br BRA,FW,Vasco da Gama,18-328,2007,1,0,22,0.2,0,0,0,0,0,0,0,0,0.00,0.00,0.00,0.00,0.00,Matches,70749d76
299,Flaco López,ar ARG,FW,Palmeiras,25-194,2000,17,17,1303,14.5,6,3,9,6,0,0,2,0,0.41,0.21,0.62,0.41,0.62,Matches,e1426a52
300,Renzo López,uy URU,FW,Vitória,32-063,1994,6,1,134,1.5,0,0,0,0,0,0,0,0,0.00,0.00,0.00,0.00,0.00,Matches,675cf0be
301,Lucas,br BRA,MF,Vitória,26-295,1999,4,0,28,0.3,0,0,0,0,0,0,1,0,0.00,0.00,0.00,0.00,0.00,Matches,7a3d0687
302,Ayrton Lucas,br BRA,DF,Flamengo,28-364,1997,9,4,424,4.7,0,1,1,0,0,0,0,0,0.00,0.21,0.21,0.00,0.21,Matches,db90b737
303,Jean Lucas,br BRA,MF,Bahia,27-361,1998,15,15,1191,13.2,2,2,4,2,0,0,2,0,0.15,0.15,0.30,0.15,0.30,Matches,a99138af
304,João Lucas,br BRA,DF,Remo,28-101,1998,6,6,482,5.4,0,0,0,0,0,0,3,0,0.00,0.00,0.00,0.00,0.00,Matches,289dc81e
305,Luciano,br BRA,MFFW,São Paulo,33-031,1993,14,12,973,10.8,6,1,7,6,0,1,3,0,0.55,0.09,0.65,0.55,0.65,Matches,24ce161c
306,Luighi,br BRA,FW,Palmeiras,20-049,2006,7,1,165,1.8,0,0,0,0,0,0,2,0,0.00,0.00,0.00,0.00,0.00,Matches,f6202ded
307,André Luis,br BRA,FW,Mirassol,32-101,1994,11,5,450,5.0,1,0,1,1,0,0,1,0,0.20,0.00,0.20,0.20,0.20,Matches,2962bf2e
308,Victor Luis,br BRA,DF,Mirassol,32-360,1993,7,3,329,3.7,0,0,0,0,0,0,2,0,0.00,0.00,0.00,0.00,0.00,Matches,cc68c4d3
309,Wallisson Luiz,br BRA,MF,Coritiba,28-268,1997,12,4,435,4.8,0,0,0,0,0,0,3,0,0.00,0.00,0.00,0.00,0.00,Matches,8b35dc4b
310,Lyanco,br BRA,DF,Atlético Mineiro,29-137,1997,7,5,454,5.0,0,0,0,0,0,0,4,1,0.00,0.00,0.00,0.00,0.00,Matches,b5bf1770
311,Willian Machado,br BRA,DF,Mirassol,29-217,1996,15,15,1350,15.0,1,1,2,1,0,0,3,0,0.07,0.07,0.13,0.07,0.13,Matches,afb23fa3
312,Pablo Maia,br BRA,MF,São Paulo,24-159,2002,10,5,515,5.7,0,0,0,0,0,0,1,0,0.00,0.00,0.00,0.00,0.00,Matches,3a243771
313,Thiago Maia,br BRA,MF,Internacional,29-087,1997,10,0,147,1.6,0,0,0,0,0,0,0,0,0.00,0.00,0.00,0.00,0.00,Matches,91e58f66
314,Maicon,br BRA,DF,Coritiba,37-277,1988,13,12,1019,11.3,0,0,0,0,0,0,0,1,0.00,0.00,0.00,0.00,0.00,Matches,2a8683b9
315,Maik,br BRA,DFMF,São Paulo,21-166,2005,5,4,368,4.1,0,0,0,0,0,0,0,0,0.00,0.00,0.00,0.00,0.00,Matches,f11cb3b7
316,Alef Manga,br BRA,MFFW,Remo,31-201,1994,18,16,1327,14.7,4,3,7,4,0,1,1,0,0.27,0.20,0.47,0.27,0.47,Matches,559782c4
317,Fernando Marçal,br BRA,DF,Botafogo–RJ,37-119,1989,4,1,144,1.6,0,0,0,0,0,0,0,0,0.00,0.00,0.00,0.00,0.00,Matches,9ae9eaea
318,Marcelinho,br BRA,MF,RB Bragantino,21-306,2004,4,1,191,2.1,0,1,1,0,0,0,0,0,0.00,0.47,0.47,0.00,0.47,Matches,61234a52
319,Marcelinho,br BRA,DFMF,Remo,27-333,1998,15,13,1204,13.4,2,0,2,2,0,0,2,0,0.15,0.00,0.15,0.15,0.15,Matches,1d5d9dfd
320,João Marcelo,br BRA,DF,Cruzeiro,26-005,2000,5,3,296,3.3,0,0,0,0,0,0,0,0,0.00,0.00,0.00,0.00,0.00,Matches,e18b8c9e
321,Marcinho,br BRA,FWMF,Chapecoense,31-010,1995,16,11,808,9.0,1,1,2,1,0,0,0,0,0.11,0.11,0.22,0.11,0.22,Matches,5465c7f9
322,Zé Marcos,br BRA,DF,Vitória,28-137,1998,2,2,158,1.8,0,0,0,0,0,0,1,0,0.00,0.00,0.00,0.00,0.00,Matches,7b9ab588
323,Marinho,br BRA,FW,Vitória,36-020,1990,7,2,154,1.7,0,0,0,0,0,0,0,0,0.00,0.00,0.00,0.00,0.00,Matches,c077c735
324,Marlon,br BRA,DF,Grêmio,29-029,1997,6,6,525,5.8,1,1,2,1,0,0,1,0,0.17,0.17,0.34,0.17,0.34,Matches,63969d01
325,Gustavo Marques,br BRA,DF,RB Bragantino,24-252,2001,16,15,1355,15.1,0,0,0,0,0,0,2,0,0.00,0.00,0.00,0.00,0.00,Matches,b4fce835
326,Igor Marques,br BRA,DFMF,Mirassol,27-161,1999,14,13,1109,12.3,3,0,3,3,0,0,1,0,0.24,0.00,0.24,0.24,0.24,Matches,8b364abd
327,Lucca Marques,br BRA,MF,São Paulo,19-004,2007,4,1,114,1.3,0,0,0,0,0,0,0,0,0.00,0.00,0.00,0.00,0.00,Matches,1d6ffbb1
328,Renato Marques,br BRA,FW,Mirassol,22-191,2003,1,1,62,0.7,0,0,0,0,0,0,0,0,0.00,0.00,0.00,0.00,0.00,Matches,838d1215
329,Renato Marques,br BRA,FW,Coritiba,22-191,2003,5,0,63,0.7,0,0,0,0,0,0,0,1,0.00,0.00,0.00,0.00,0.00,Matches,838d1215
330,Marquinhos,br BRA,DF,Botafogo–RJ,19-123,2007,1,0,9,0.1,0,0,0,0,0,0,0,0,0.00,0.00,0.00,0.00,0.00,Matches,5fb8eee5
331,Martinelli,br BRA,MF,Fluminense,25-039,2001,12,12,941,10.5,0,1,1,0,0,0,3,0,0.00,0.10,0.10,0.00,0.10,Matches,2b124c8c
332,Emiliano Martínez,uy URU,MF,Palmeiras,26-305,1999,6,2,235,2.6,0,0,0,0,0,0,1,0,0.00,0.00,0.00,0.00,0.00,Matches,52061089
333,Andre Martins,br BRA,MF,Grêmio,24-183,2001,5,0,107,1.2,0,0,0,0,0,0,3,0,0.00,0.00,0.00,0.00,0.00,Matches,56224aa6
334,David Martins,br BRA,MF,Bahia,18-276,2007,2,0,11,0.1,0,0,0,0,0,0,0,0,0.00,0.00,0.00,0.00,0.00,Matches,b211048f
335,Matheus Martins,br BRA,MFFW,Botafogo–RJ,22-337,2003,15,9,821,9.1,4,0,4,4,0,0,1,0,0.44,0.00,0.44,0.44,0.44,Matches,73fd2787
336,Gustavo Martins Santos,br BRA,DF,Grêmio,23-311,2002,11,9,894,9.9,0,2,2,0,0,0,3,0,0.00,0.20,0.20,0.00,0.20,Matches,ae03ce49
337,Matheusinho,br BRA,FWMF,Vitória,28-243,1997,16,14,1022,11.4,2,1,3,1,1,1,3,0,0.18,0.09,0.26,0.09,0.18,Matches,91c2ee76
338,Matheusinho,br BRA,DF,Vitória,27-254,1998,2,1,135,1.5,0,0,0,0,0,0,0,0,0.00,0.00,0.00,0.00,0.00,Matches,97bb4fdd
339,Matheuzinho,br BRA,DF,Corinthians,25-283,2000,14,13,1161,12.9,1,1,2,1,0,0,3,1,0.08,0.08,0.16,0.08,0.16,Matches,2a5bc0cd
340,Mauricio,py PAR,MF,Palmeiras,25-027,2001,15,11,938,10.4,1,1,2,1,0,0,1,0,0.10,0.10,0.19,0.10,0.19,Matches,bf4cbc22
341,Maycon,br BRA,MF,Atlético Mineiro,28-338,1997,10,10,852,9.5,2,0,2,0,2,2,0,0,0.21,0.00,0.21,0.00,0.00,Matches,005ca692
342,Mayk,br BRA,DF,Remo,26-291,1999,10,10,892,9.9,0,0,0,0,0,0,0,0,0.00,0.00,0.00,0.00,0.00,Matches,e7819596
343,Mayke,br BRA,DF,Santos,33-220,1992,3,3,219,2.4,0,0,0,0,0,0,1,0,0.00,0.00,0.00,0.00,0.00,Matches,47431289
344,Gabriel Mec,br BRA,MFFW,Grêmio,18-068,2008,14,6,643,7.1,2,0,2,2,0,0,3,0,0.28,0.00,0.28,0.28,0.28,Matches,f049a2fe
345,Cristian Medina,ar ARG,MF,Botafogo–RJ,24-017,2002,11,11,853,9.5,1,0,1,1,0,0,4,1,0.11,0.00,0.11,0.11,0.11,Matches,5a0d551b
346,Arthur Melo,br BRA,MF,Grêmio,29-310,1996,10,8,807,9.0,0,0,0,0,0,0,1,0,0.00,0.00,0.00,0.00,0.00,Matches,48b3dd60
347,Bruno Melo,br BRA,DF,Coritiba,33-235,1992,16,16,1281,14.2,1,1,2,1,0,0,1,1,0.07,0.07,0.14,0.07,0.14,Matches,41ee21ae
348,Eduardo Melo,br BRA,FW,Remo,25-036,2001,1,0,35,0.4,0,0,0,0,0,0,0,0,0.00,0.00,0.00,0.00,0.00,Matches,5308c8ed
349,Memphis,nl NED,FW,Corinthians,32-125,1994,8,6,462,5.1,1,0,1,1,0,0,0,0,0.19,0.00,0.19,0.19,0.19,Matches,8f696594
350,Nathan Mendes,br BRA,DF,Vitória,23-303,2002,13,12,1061,11.8,0,1,1,0,0,0,3,0,0.00,0.08,0.08,0.00,0.08,Matches,c5aa7b35
351,Thiago Mendes,br BRA,MF,Vasco da Gama,34-095,1992,16,16,1340,14.9,3,1,4,3,0,0,6,0,0.20,0.07,0.27,0.20,0.27,Matches,c6e5d20f
352,Vinicius Mendonça,br BRA,MFFW,RB Bragantino,22-118,2004,8,3,288,3.2,0,1,1,0,0,0,0,0,0.00,0.31,0.31,0.00,0.31,Matches,47a333ad
353,Stiven Mendoza,co COL,MFFW,Athletico–PR,33-356,1992,18,18,1460,16.2,5,0,5,5,0,0,0,0,0.31,0.00,0.31,0.31,0.31,Matches,e68f2cb4
354,Gabriel Menegon,br BRA,GK,Grêmio,17-247,2008,1,0,12,0.1,0,0,0,0,0,0,0,0,0.00,0.00,0.00,0.00,0.00,Matches,9334abf0
355,Gabriel Menino,br BRA,MF,Santos,25-262,2000,8,4,428,4.8,1,0,1,1,0,0,2,0,0.21,0.00,0.21,0.21,0.21,Matches,01819e70
356,Gabriel Mercado,ar ARG,DF,Internacional,39-092,1987,11,11,980,10.9,1,0,1,1,0,0,4,0,0.09,0.00,0.09,0.09,0.09,Matches,bf97c188
357,Higor Meritão,br BRA,MF,Chapecoense,31-360,1994,11,5,619,6.9,1,0,1,1,0,0,1,0,0.15,0.00,0.15,0.15,0.15,Matches,fb8b684d
358,Carlos Miguel,br BRA,GK,Palmeiras,27-252,1998,17,17,1530,17.0,0,0,0,0,0,0,3,0,0.00,0.00,0.00,0.00,0.00,Matches,84454067
359,Pedro Milans,uy URU,DF,Corinthians,24-086,2002,3,3,229,2.5,0,0,0,0,0,0,0,0,0.00,0.00,0.00,0.00,0.00,Matches,e8732900
360,Julián Millán,co COL,DF,Fluminense,28-083,1998,3,3,270,3.0,0,0,0,0,0,0,1,0,0.00,0.00,0.00,0.00,0.00,Matches,a92e9820
361,Alan Minda,ec ECU,MF,Atlético Mineiro,23-035,2003,9,3,353,3.9,2,0,2,2,0,0,0,0,0.51,0.00,0.51,0.51,0.51,Matches,9cfd5b00
362,Moises,br BRA,MF,Santos,29-289,1996,13,4,376,4.2,2,1,3,2,0,0,0,0,0.48,0.24,0.72,0.48,0.72,Matches,ddd07a25
363,Rodrigo Moledo,br BRA,DF,Coritiba,38-234,1987,2,1,117,1.3,1,0,1,1,0,0,0,0,0.77,0.00,0.77,0.77,0.77,Matches,ce536c37
364,Miguel Monsalve,co COL,MF,Grêmio,22-111,2004,7,5,322,3.6,0,0,0,0,0,0,1,0,0.00,0.00,0.00,0.00,0.00,Matches,a2f7f47c
365,Rafael Monti,ar ARG,FW,Remo,26-192,1999,1,0,21,0.2,0,0,0,0,0,0,0,0,0.00,0.00,0.00,0.00,0.00,Matches,ad83cba8
366,Álvaro Montoro,ar ARG,MFFW,Botafogo–RJ,19-062,2007,15,11,921,10.2,0,3,3,0,0,0,3,0,0.00,0.29,0.29,0.00,0.29,Matches,4c55ed86
367,Kauã Moraes,br BRA,DF,Cruzeiro,19-354,2006,9,5,441,4.9,2,1,3,2,0,0,2,0,0.41,0.20,0.61,0.41,0.61,Matches,936f721d
368,Breno de Moraes Souza,br BRA,DF,RB Bragantino,17-358,2008,2,0,10,0.1,0,0,0,0,0,0,0,0,0.00,0.00,0.00,0.00,0.00,Matches,e2982c0b
369,Santiago Moreno,co COL,FWMF,Fluminense,26-058,2000,3,0,21,0.2,0,0,0,0,0,0,0,0,0.00,0.00,0.00,0.00,0.00,Matches,3261d0e4
370,Pedro Morisco,br BRA,GK,Coritiba,22-159,2004,4,4,325,3.6,0,0,0,0,0,0,1,0,0.00,0.00,0.00,0.00,0.00,Matches,e5c4ba1f
371,Henry Mosquera,co COL,MFFW,RB Bragantino,24-215,2001,14,13,1061,11.8,0,3,3,0,0,0,3,0,0.00,0.25,0.25,0.00,0.25,Matches,be206004
372,Hugo Moura,br BRA,MF,Vasco da Gama,28-166,1998,11,7,582,6.5,1,0,1,1,0,0,0,0,0.15,0.00,0.15,0.15,0.15,Matches,14100165
373,Lucas Moura,br BRA,MFFW,São Paulo,33-309,1992,8,3,320,3.6,1,1,2,0,1,1,0,0,0.28,0.28,0.56,0.00,0.28,Matches,2b622f01
374,Neto Moura,br BRA,MF,Mirassol,29-316,1996,12,9,722,8.0,0,0,0,0,0,0,3,0,0.00,0.00,0.00,0.00,0.00,Matches,28fd3b9e
375,Juan Nardoni,ar ARG,MF,Grêmio,23-339,2002,11,10,730,8.1,1,1,2,1,0,0,1,0,0.12,0.12,0.25,0.12,0.25,Matches,e91c3cc9
376,Bruno Nascimento,br BRA,FWMF,Palmeiras,29-103,1997,1,0,6,0.1,0,0,0,0,0,0,0,0,0.00,0.00,0.00,0.00,0.00,Matches,46411d56
377,Bruno Nascimento,br BRA,MF,Cruzeiro,29-103,1997,9,1,223,2.5,0,1,1,0,0,0,0,0,0.00,0.40,0.40,0.00,0.40,Matches,46411d56
378,Wesley Natã,br BRA,FW,Fluminense,18-061,2008,1,0,15,0.2,0,0,0,0,0,0,0,0,0.00,0.00,0.00,0.00,0.00,Matches,7f451eb1
379,Natanael,br BRA,DFMF,Atlético Mineiro,24-164,2002,11,11,871,9.7,0,1,1,0,0,0,0,1,0.00,0.10,0.10,0.00,0.10,Matches,0b618504
380,Gui Negão,br BRA,FW,Corinthians,19-132,2007,5,1,113,1.3,0,0,0,0,0,0,0,0,0.00,0.00,0.00,0.00,0.00,Matches,8d835047
381,Felipe Negrucci,br BRA,DF,São Paulo,22-045,2004,1,0,11,0.1,0,0,0,0,0,0,0,0,0.00,0.00,0.00,0.00,0.00,Matches,784f2ef7
382,Negueba,br BRA,MFFW,Mirassol,26-197,1999,9,9,780,8.7,2,0,2,2,0,0,3,0,0.23,0.00,0.23,0.23,0.23,Matches,47c2829f
383,Neris,br BRA,DF,Vitória,34-001,1992,4,2,179,2.0,0,0,0,0,0,0,0,0,0.00,0.00,0.00,0.00,0.00,Matches,f961d4c2
384,Rodrigo Nestor,br BRA,MF,Bahia,25-313,2000,10,3,377,4.2,0,0,0,0,0,0,3,0,0.00,0.00,0.00,0.00,0.00,Matches,c04ebe99
385,Neto,br BRA,GK,Botafogo–RJ,36-334,1989,10,10,854,9.5,0,0,0,0,0,0,0,1,0.00,0.00,0.00,0.00,0.00,Matches,a9dc785c
386,Newton,br BRA,DF,Botafogo–RJ,26-098,2000,7,4,409,4.5,0,0,0,0,0,0,2,0,0.00,0.00,0.00,0.00,0.00,Matches,0c0c8329
387,Neymar,br BRA,MFFW,Santos,34-133,1992,8,8,683,7.6,4,2,6,3,1,1,5,0,0.53,0.26,0.79,0.40,0.66,Matches,69384e5d
388,Nicolas,br BRA,DF,São Paulo,19-071,2007,1,0,1,0.0,0,0,0,0,0,0,0,0,0.00,0.00,0.00,0.00,0.00,Matches,3988393d
389,Saúl Ñíguez,es ESP,MF,Flamengo,31-209,1994,6,1,116,1.3,0,1,1,0,0,0,0,0,0.00,0.78,0.78,0.00,0.78,Matches,c14bc029
390,Nonato,br BRA,MF,Fluminense,28-107,1998,6,5,378,4.2,1,1,2,1,0,0,3,0,0.24,0.24,0.48,0.24,0.48,Matches,b91a6912
391,Erick Noriega,pe PER,MF,Grêmio,24-239,2001,13,11,947,10.5,1,1,2,1,0,0,2,0,0.10,0.10,0.19,0.10,0.19,Matches,fd8ce644
392,Jhuan Nunes Coelho,br BRA,FW,RB Bragantino,19-015,2007,1,0,7,0.1,0,0,0,0,0,0,0,0,0.00,0.00,0.00,0.00,0.00,Matches,0dd86ceb
393,Christian Oliva,uy URU,MF,Santos,30-017,1996,12,9,789,8.8,0,2,2,0,0,0,0,0,0.00,0.23,0.23,0.00,0.23,Matches,d3b888e3
394,Lucas Oliveira,br BRA,DF,Mirassol,30-136,1996,7,5,419,4.7,1,0,1,1,0,0,2,0,0.21,0.00,0.21,0.21,0.21,Matches,96d8b3d1
395,Luis Osorio Messias de Oliveira,br BRA,DF,São Paulo,19-285,2006,2,1,137,1.5,0,0,0,0,0,0,1,0,0.00,0.00,0.00,0.00,0.00,Matches,7f0312fd
396,Cauly Oliveira Souza,br BRA,MFFW,São Paulo,30-276,1995,12,7,563,6.3,1,0,1,0,1,1,0,0,0.16,0.00,0.16,0.00,0.00,Matches,2b53f7a5
397,Cristian Olivera,uy URU,FWMF,Bahia,24-062,2002,16,12,956,10.6,1,1,2,1,0,0,1,0,0.09,0.09,0.19,0.09,0.19,Matches,079dc403
398,Leo Ortiz,br BRA,DF,Flamengo,30-166,1996,17,16,1350,15.0,1,1,2,1,0,0,0,0,0.07,0.07,0.13,0.07,0.13,Matches,53834fa2
399,Osvaldo,br BRA,FWMF,Vitória,39-068,1987,2,0,13,0.1,0,0,0,0,0,0,0,0,0.00,0.00,0.00,0.00,0.00,Matches,deb6b945
400,Otávio,br BRA,GK,Cruzeiro,20-173,2005,5,5,450,5.0,0,0,0,0,0,0,2,0,0.00,0.00,0.00,0.00,0.00,Matches,b23013d3
401,Otávio,br BRA,MF,Fluminense,32-045,1994,5,0,170,1.9,0,0,0,0,0,0,1,0,0.00,0.00,0.00,0.00,0.00,Matches,243f4a0b
402,Luiz Otávio,br BRA,DF,Mirassol,33-252,1992,1,0,6,0.1,0,0,0,0,0,0,0,0,0.00,0.00,0.00,0.00,0.00,Matches,35e4fc3a
403,João Othavio Basso,br BRA,DF,Santos,29-156,1997,2,0,47,0.5,0,0,0,0,0,0,0,0,0.00,0.00,0.00,0.00,0.00,Matches,86c79c42
404,Bruno Pacheco,br BRA,MFDF,Chapecoense,34-192,1991,9,8,720,8.0,0,3,3,0,0,0,1,0,0.00,0.37,0.37,0.00,0.37,Matches,9b7976e6
405,Luis Pacheco,br BRA,MF,Palmeiras,18-136,2008,3,1,68,0.8,0,0,0,0,0,0,2,0,0.00,0.00,0.00,0.00,0.00,Matches,ffba37be
406,Lucas Paquetá,br BRA,MF,Flamengo,28-295,1997,12,10,817,9.1,3,0,3,3,0,0,2,0,0.33,0.00,0.33,0.33,0.33,Matches,9b6f7fd5
407,Kauã Pascini,br BRA,DF,Atlético Mineiro,18-105,2008,4,1,120,1.3,0,0,0,0,0,0,0,0,0.00,0.00,0.00,0.00,0.00,Matches,d0fcac4f
408,Patrick,br BRA,MF,Remo,33-324,1992,15,11,1026,11.4,0,0,0,0,0,0,0,0,0.00,0.00,0.00,0.00,0.00,Matches,92add14e
409,Alan Patrick,br BRA,MF,Internacional,35-036,1991,14,11,963,10.7,3,0,3,2,1,1,1,0,0.28,0.00,0.28,0.19,0.19,Matches,00672021
410,Patrick de Paula,br BRA,MF,Remo,26-283,1999,6,6,469,5.2,0,2,2,0,0,0,4,0,0.00,0.38,0.38,0.00,0.38,Matches,9f12fbb7
411,Paulinho,br BRA,MF,Internacional,29-161,1997,13,8,702,7.8,0,0,0,0,0,0,4,0,0.00,0.00,0.00,0.00,0.00,Matches,2d215840
412,Paulinho,br BRA,FWMF,Palmeiras,25-338,2000,5,0,85,0.9,2,0,2,2,0,0,1,0,2.12,0.00,2.12,2.12,2.12,Matches,53070b63
413,Caio Paulista,br BRA,DF,Grêmio,28-038,1998,7,3,408,4.5,0,0,0,0,0,0,0,0,0.00,0.00,0.00,0.00,0.00,Matches,701bb051
414,Gabriel Paulista,br BRA,DF,Corinthians,35-204,1990,14,14,1260,14.0,1,0,1,1,0,0,3,0,0.07,0.00,0.07,0.07,0.07,Matches,b7ca5c51
415,Vini Paulista,br BRA,MF,Coritiba,25-088,2001,18,6,705,7.8,0,0,0,0,0,0,2,0,0.00,0.00,0.00,0.00,0.00,Matches,b9e9b272
416,Joao Paulo,br BRA,DF,Chapecoense,28-349,1997,6,5,506,5.6,1,0,1,1,0,0,2,0,0.18,0.00,0.18,0.18,0.18,Matches,897b6f90
417,João Paulo,br BRA,GK,Bahia,30-354,1995,2,0,92,1.0,0,0,0,0,0,0,1,0,0.00,0.00,0.00,0.00,0.00,Matches,d0102ca0
418,Giovanni Pavani,br BRA,MF,Remo,29-209,1996,2,0,46,0.5,0,0,0,0,0,0,0,0,0.00,0.00,0.00,0.00,0.00,Matches,f9954d5e
419,Cristian Pavón,ar ARG,DFMF,Grêmio,30-148,1996,16,14,1243,13.8,0,2,2,0,0,0,4,0,0.00,0.14,0.14,0.00,0.14,Matches,a664b026
420,Pedrinho,br BRA,MF,São Paulo,19-055,2007,2,0,51,0.6,0,0,0,0,0,0,0,0,0.00,0.00,0.00,0.00,0.00,Matches,10eb3647
421,Pedro,br BRA,FW,Flamengo,28-363,1997,17,16,1337,14.9,10,4,14,10,0,0,1,0,0.67,0.27,0.94,0.67,0.94,Matches,1ab6fad3
422,João Pedro Chermont,br BRA,DFMF,Coritiba,20-151,2006,11,7,669,7.4,0,0,0,0,0,0,0,0,0.00,0.00,0.00,0.00,0.00,Matches,e987e031
423,João Pedro,br BRA,DF,Corinthians,22-169,2003,2,2,180,2.0,1,0,1,1,0,0,1,0,0.50,0.00,0.50,0.50,0.50,Matches,cd51f56f
424,João Pedro,br BRA,DF,Grêmio,29-215,1996,5,3,258,2.9,0,0,0,0,0,0,0,0,0.00,0.00,0.00,0.00,0.00,Matches,31d1ed52
425,João Pedro,br BRA,MF,Vasco da Gama,21-060,2005,2,0,35,0.4,0,0,0,0,0,0,0,0,0.00,0.00,0.00,0.00,0.00,Matches,f065866a
426,Léo Pelé,br BRA,DF,Athletico–PR,30-104,1996,2,1,101,1.1,0,0,0,0,0,0,0,0,0.00,0.00,0.00,0.00,0.00,Matches,77980eb9
427,Andreas Pereira,br BRA,MF,Palmeiras,30-168,1996,17,17,1321,14.7,1,9,10,1,0,0,3,0,0.07,0.61,0.68,0.07,0.68,Matches,6639e500
428,Léo Pereira,br BRA,DF,Flamengo,30-138,1996,14,14,1229,13.7,1,0,1,1,0,0,6,0,0.07,0.00,0.07,0.07,0.07,Matches,bd247251
429,Matheus Pereira,br BRA,MF,Cruzeiro,30-044,1996,16,16,1402,15.6,3,2,5,3,0,0,8,0,0.19,0.13,0.32,0.19,0.32,Matches,b04ee927
430,Luan Peres Petroni,br BRA,DF,Santos,31-334,1994,15,13,1130,12.6,0,0,0,0,0,0,4,1,0.00,0.00,0.00,0.00,0.00,Matches,a5549ec1
431,Leonel Pérez,ar ARG,MF,Grêmio,21-313,2004,10,8,670,7.4,0,0,0,0,0,0,2,0,0.00,0.00,0.00,0.00,0.00,Matches,5c0eca35
432,Tomás Pérez,ar ARG,MF,Atlético Mineiro,20-296,2005,10,7,608,6.8,0,0,0,0,0,0,2,0,0.00,0.00,0.00,0.00,0.00,Matches,ae067682
433,Pedro Perotti,br BRA,FW,Chapecoense,28-208,1997,2,0,20,0.2,0,0,0,0,0,0,0,0,0.00,0.00,0.00,0.00,0.00,Matches,c319dd64
434,Josué Pesqueira,pt POR,MF,Coritiba,35-274,1990,17,16,1265,14.1,1,7,8,0,1,1,2,1,0.07,0.50,0.57,0.00,0.50,Matches,c08fc464
435,Neto Pessoa,br BRA,FW,Chapecoense,32-033,1994,8,1,208,2.3,2,1,3,2,0,0,1,0,0.87,0.43,1.30,0.87,1.30,Matches,f44f1b74
436,Leonel Picco,ar ARG,MF,Remo,26-239,1999,15,8,693,7.7,1,1,2,1,0,0,2,0,0.13,0.13,0.26,0.13,0.26,Matches,f4187ac3
437,Yago Pikachu,br BRA,MF,Remo,34-013,1992,17,10,926,10.3,2,1,3,2,0,0,2,1,0.19,0.10,0.29,0.19,0.29,Matches,462f1e13
438,Joaquín Piquerez,uy URU,DF,Palmeiras,27-298,1998,6,5,461,5.1,0,1,1,0,0,0,0,0,0.00,0.20,0.20,0.00,0.20,Matches,46009f44
439,Rafael Pires,br BRA,GK,São Paulo,36-360,1989,18,18,1620,18.0,0,0,0,0,0,0,1,0,0.00,0.00,0.00,0.00,0.00,Matches,539f6761
440,Lucas Piton,br BRA,DF,Vasco da Gama,25-252,2000,13,10,815,9.1,0,0,0,0,0,0,0,0,0.00,0.00,0.00,0.00,0.00,Matches,defce7f1
441,Isidro Pitta,py PAR,FW,RB Bragantino,26-308,1999,17,13,1141,12.7,6,2,8,6,0,1,2,0,0.47,0.16,0.63,0.47,0.63,Matches,e9fc7295
442,Gonzalo Plata,ec ECU,MF,Flamengo,25-229,2000,10,6,562,6.2,2,2,4,2,0,0,1,0,0.32,0.32,0.64,0.32,0.64,Matches,54bcdeb0
443,Mateo Ponte,uy URU,DFMF,Botafogo–RJ,23-025,2003,8,6,580,6.4,0,1,1,0,0,0,3,0,0.00,0.16,0.16,0.00,0.16,Matches,981e61c1
444,Gabriel Poveda,br BRA,FW,Remo,27-346,1998,10,1,150,1.7,0,0,0,0,0,0,0,0,0.00,0.00,0.00,0.00,0.00,Matches,1ae3dd4e
445,Fernando Pradella,br BRA,FW,Santos,17-350,2008,1,0,14,0.2,0,0,0,0,0,0,0,0,0.00,0.00,0.00,0.00,0.00,Matches,a471bfdf
446,Kauã Prates,br BRA,DF,Cruzeiro,17-310,2008,1,0,8,0.1,0,0,0,0,0,0,0,0,0.00,0.00,0.00,0.00,0.00,Matches,6ecfd382
447,Ángelo Preciado,ec ECU,MFDF,Atlético Mineiro,28-120,1998,7,4,375,4.2,0,0,0,0,0,0,1,0,0.00,0.00,0.00,0.00,0.00,Matches,eadc8e4f
448,Erick Pulga,br BRA,FWMF,Bahia,25-259,2000,17,16,1165,12.9,0,1,1,0,0,0,2,0,0.00,0.08,0.08,0.00,0.08,Matches,56088230
449,Erick Pulgar,cl CHI,MF,Flamengo,32-154,1994,8,8,643,7.1,1,0,1,1,0,0,4,1,0.14,0.00,0.14,0.14,0.14,Matches,4611e028
450,Zé Rafael,br BRA,MF,Santos,33-002,1993,5,2,165,1.8,1,1,2,1,0,0,1,0,0.55,0.55,1.09,0.55,1.09,Matches,634b1413
451,André Ramalho,br BRA,DF,Corinthians,34-122,1992,6,5,466,5.2,0,0,0,0,0,0,3,0,0.00,0.00,0.00,0.00,0.00,Matches,7483d9f9
452,Eric Ramires,br BRA,MF,RB Bragantino,25-312,2000,11,2,319,3.5,0,0,0,0,0,0,1,0,0.00,0.00,0.00,0.00,0.00,Matches,37faa4cb
453,Kevin Ramírez,uy URU,FWMF,Chapecoense,32-078,1994,2,0,83,0.9,0,0,0,0,0,0,0,0,0.00,0.00,0.00,0.00,0.00,Matches,1c7e10b1
454,Ramon,br BRA,DF,Vitória,25-097,2001,14,14,1195,13.3,2,0,2,2,0,0,3,0,0.15,0.00,0.15,0.15,0.15,Matches,fdf88bc0
455,Lucas Ramon,br BRA,DF,São Paulo,32-103,1994,12,12,981,10.9,0,1,1,0,0,0,0,1,0.00,0.09,0.09,0.00,0.09,Matches,58933a04
456,Vitor Ramon,br BRA,DF,Grêmio,18-154,2008,1,0,31,0.3,0,0,0,0,0,0,1,0,0.00,0.00,0.00,0.00,0.00,Matches,c557340b
457,Chris Ramos,es ESP,FWMF,Botafogo–RJ,29-153,1997,3,0,20,0.2,0,0,0,0,0,0,1,0,0.00,0.00,0.00,0.00,0.00,Matches,44e07fac
458,Santi Ramos Mingo,ar ARG,DF,Bahia,24-209,2001,15,15,1350,15.0,0,0,0,0,0,0,3,0,0.00,0.00,0.00,0.00,0.00,Matches,fe0a346d
459,Marcelo Rangel,br BRA,GK,Remo,38-032,1988,17,17,1530,17.0,0,0,0,0,0,0,1,0,0.00,0.00,0.00,0.00,0.00,Matches,c293dc73
460,Pedro Rangel,br BRA,GK,Coritiba,25-354,2000,15,14,1295,14.4,0,0,0,0,0,0,1,0,0.00,0.00,0.00,0.00,0.00,Matches,06dc2861
461,Raniele,br BRA,MFDF,Corinthians,29-169,1996,16,15,1225,13.6,1,0,1,1,0,0,4,0,0.07,0.00,0.07,0.07,0.07,Matches,a025365f
462,Pedro Raul,br BRA,FW,Corinthians,29-225,1996,8,1,167,1.9,0,0,0,0,0,0,1,0,0.00,0.00,0.00,0.00,0.00,Matches,ed074559
463,Raykkonen,br BRA,FW,Internacional,17-340,2008,1,0,1,0.0,0,0,0,0,0,0,0,0,0.00,0.00,0.00,0.00,0.00,Matches,3114f93a
464,Reinaldo,br BRA,DFMF,Mirassol,36-263,1989,14,14,1146,12.7,0,1,1,0,0,0,4,0,0.00,0.08,0.08,0.00,0.08,Matches,ab3edc87
465,Reinier,br BRA,FW,Atlético Mineiro,24-150,2002,14,7,622,6.9,1,1,2,1,0,0,1,0,0.14,0.14,0.29,0.14,0.29,Matches,6b21b7b5
466,Renan,br BRA,FW,Athletico–PR,26-117,2000,8,1,99,1.1,0,0,0,0,0,0,0,0,0.00,0.00,0.00,0.00,0.00,Matches,8a24d403
467,Robert Renan,br BRA,DF,Vasco da Gama,22-250,2003,18,18,1620,18.0,1,0,1,1,0,0,1,0,0.06,0.00,0.06,0.06,0.06,Matches,168a2e81
468,Renê,br BRA,DF,Fluminense,33-277,1992,11,9,837,9.3,0,2,2,0,0,0,1,0,0.00,0.22,0.22,0.00,0.22,Matches,d000ffc7
469,Murilo Rhikman,br BRA,MF,Cruzeiro,20-097,2006,1,0,3,0.0,0,0,0,0,0,0,0,0,0.00,0.00,0.00,0.00,0.00,Matches,9e91b234
470,Davi Fernandes Cavalcane Ribeiro,br BRA,,Santos,17-326,2008,2,0,17,0.2,0,0,0,0,0,0,0,0,0.00,0.00,0.00,0.00,0.00,Matches,77910da9
471,Everton Ribeiro,br BRA,MF,Bahia,37-069,1989,13,11,949,10.5,0,4,4,0,0,0,1,0,0.00,0.38,0.38,0.00,0.38,Matches,68fb50a2
472,Zé Ricardo,br BRA,MF,Remo,27-135,1999,16,11,904,10.0,0,0,0,0,0,0,4,1,0.00,0.00,0.00,0.00,0.00,Matches,22b85604
473,Riccieli,br BRA,DF,Vitória,27-274,1998,2,2,90,1.0,0,0,0,0,0,0,0,0,0.00,0.00,0.00,0.00,0.00,Matches,9c026a2f
474,Charles Rigon Matos,br BRA,MF,Corinthians,29-364,1996,4,3,193,2.1,0,0,0,0,0,0,0,0,0.00,0.00,0.00,0.00,0.00,Matches,6ff91a3a
475,Tomás Rincón,ve VEN,MF,Santos,38-156,1988,2,0,21,0.2,0,0,0,0,0,0,1,0,0.00,0.00,0.00,0.00,0.00,Matches,f1cfc209
476,Ramon Rique,br BRA,MF,Vasco da Gama,18-259,2007,2,0,18,0.2,0,1,1,0,0,0,0,0,0.00,5.00,5.00,0.00,5.00,Matches,feb455f7
477,Riquelme,br BRA,MF,Fluminense,19-097,2007,3,0,42,0.5,0,0,0,0,0,0,1,0,0.00,0.00,0.00,0.00,0.00,Matches,ce31d798
478,Diogo Riquelme,br BRA,MF,Athletico–PR,21-056,2005,4,0,66,0.7,0,0,0,0,0,0,1,0,0.00,0.00,0.00,0.00,0.00,Matches,4c347e95
479,Marcos Rocha,br BRA,MFDF,Grêmio,37-189,1988,4,2,150,1.7,0,0,0,0,0,0,0,0,0.00,0.00,0.00,0.00,0.00,Matches,fdd2f275
480,Pedro Rocha Neves,br BRA,FW,Coritiba,31-261,1994,18,18,1415,15.7,4,1,5,4,0,0,1,1,0.25,0.06,0.32,0.25,0.32,Matches,b33e0095
481,Sergio Rochet,uy URU,GK,Internacional,33-087,1993,11,11,990,11.0,0,0,0,0,0,0,1,0,0.00,0.00,0.00,0.00,0.00,Matches,81b99b9e
482,Rodrigo,br BRA,MF,RB Bragantino,22-094,2004,9,3,318,3.5,2,0,2,2,0,0,3,0,0.57,0.00,0.57,0.57,0.57,Matches,1126f4e2
483,Rodrigues,br BRA,DF,Mirassol,28-251,1997,2,1,49,0.5,0,0,0,0,0,0,0,0,0.00,0.00,0.00,0.00,0.00,Matches,67f5e064
484,Alan Rodríguez,uy URU,MF,Internacional,26-144,2000,7,2,231,2.6,0,0,0,0,0,0,0,0,0.00,0.00,0.00,0.00,0.00,Matches,fcd24b4b
485,Santiago Rodríguez,uy URU,MFFW,Botafogo–RJ,26-161,2000,10,7,490,5.4,0,0,0,0,0,0,1,0,0.00,0.00,0.00,0.00,0.00,Matches,86dff811
486,Johan Rojas,co COL,MFFW,Vasco da Gama,23-271,2002,15,9,764,8.5,0,1,1,0,0,0,2,0,0.00,0.12,0.12,0.00,0.12,Matches,f338069c
487,Benjamín Rollheiser,ar ARG,MFFW,Santos,26-086,2000,14,4,447,5.0,3,0,3,1,2,2,1,0,0.60,0.00,0.60,0.20,0.20,Matches,e8c4a824
488,Iván Román,cl CHI,DF,Atlético Mineiro,19-341,2006,6,6,440,4.9,1,0,1,1,0,0,3,0,0.20,0.00,0.20,0.20,0.20,Matches,8ee6a7c1
489,Lucas Romero,ar ARG,MF,Cruzeiro,32-061,1994,12,11,824,9.2,1,3,4,1,0,0,3,0,0.11,0.33,0.44,0.11,0.44,Matches,d89e48b8
490,Ronald,br BRA,MF,Vitória,29-000,1997,7,1,140,1.6,0,0,0,0,0,0,1,0,0.00,0.00,0.00,0.00,0.00,Matches,cc119c66
491,Ronaldo,br BRA,GK,Bahia,29-300,1996,8,8,674,7.5,0,0,0,0,0,0,2,0,0.00,0.00,0.00,0.00,0.00,Matches,711c08dc
492,Ronaldo,br BRA,MF,Internacional,29-238,1996,8,4,336,3.7,1,0,1,1,0,0,1,0,0.27,0.00,0.27,0.27,0.27,Matches,8a3b002a
493,Lucas Ronier,br BRA,MF,Coritiba,21-204,2004,15,15,1215,13.5,1,2,3,1,0,0,3,0,0.07,0.15,0.22,0.07,0.22,Matches,d831b6f1
494,Rony,br BRA,MFFW,Santos,31-038,1995,14,10,878,9.8,0,0,0,0,0,0,3,0,0.00,0.00,0.00,0.00,0.00,Matches,bffd5e50
495,Caio Roque,br BRA,DF,Botafogo–RJ,24-160,2002,3,0,115,1.3,0,0,0,0,0,0,0,0,0.00,0.00,0.00,0.00,0.00,Matches,6345721a
496,Vitor Roque,br BRA,FW,Palmeiras,21-110,2005,7,3,275,3.1,3,0,3,2,1,1,1,0,0.98,0.00,0.98,0.65,0.65,Matches,cb00f1e6
497,Agustín Rossi,ar ARG,GK,Flamengo,30-301,1995,17,17,1530,17.0,0,0,0,0,0,0,0,0,0.00,0.00,0.00,0.00,0.00,Matches,ef223e5f
498,Ruan,br BRA,DF,Atlético Mineiro,27-011,1999,15,15,1329,14.8,1,0,1,1,0,0,6,0,0.07,0.00,0.07,0.07,0.07,Matches,a378a02a
499,José Sabino,br BRA,DF,São Paulo,29-236,1996,15,15,1258,14.0,1,1,2,1,0,0,1,0,0.07,0.07,0.14,0.07,0.14,Matches,e1524457
500,Alan Saldivia,uy URU,DF,Vasco da Gama,24-073,2002,10,10,900,10.0,0,0,0,0,0,0,3,0,0.00,0.00,0.00,0.00,0.00,Matches,b084cda6
501,Mateo Sanabria,ar ARG,MF,Bahia,22-079,2004,11,2,302,3.4,2,0,2,2,0,0,1,0,0.60,0.00,0.60,0.60,0.60,Matches,85d69267
502,Alex Sandro,br BRA,DF,Flamengo,35-143,1991,13,13,1065,11.8,0,0,0,0,0,0,3,0,0.00,0.00,0.00,0.00,0.00,Matches,0d82903c
503,Agustín Sant'Anna,uy URU,DF,RB Bragantino,28-264,1997,7,4,391,4.3,0,1,1,0,0,0,1,0,0.00,0.23,0.23,0.00,0.23,Matches,a680fc25
504,Alex Santana,br BRA,MF,Corinthians,31-036,1995,1,0,10,0.1,0,0,0,0,0,0,0,0,0.00,0.00,0.00,0.00,0.00,Matches,e75dc411
505,Santos,br BRA,GK,Athletico–PR,36-093,1990,18,18,1620,18.0,0,0,0,0,0,0,2,0,0.00,0.00,0.00,0.00,0.00,Matches,b8d0b69c
506,Ademir Santos,br BRA,FWMF,Bahia,31-122,1995,17,4,576,6.4,0,1,1,0,0,0,2,0,0.00,0.16,0.16,0.00,0.16,Matches,4b7d58c2
507,Danilo Santos,br BRA,MF,Botafogo–RJ,25-050,2001,12,12,1070,11.9,7,2,9,7,0,0,1,0,0.59,0.17,0.76,0.59,0.76,Matches,a816dbfb
508,Eduardo Santos,br BRA,DF,RB Bragantino,28-202,1997,3,1,112,1.2,0,0,0,0,0,0,0,0,0.00,0.00,0.00,0.00,0.00,Matches,d226094c
509,Júnior Santos,br BRA,FWMF,Botafogo–RJ,31-250,1994,9,6,409,4.5,1,0,1,1,0,0,2,0,0.22,0.00,0.22,0.22,0.22,Matches,9109e933
510,Luis Eduardo Marques dos Santos,br BRA,DF,Athletico–PR,29-019,1997,2,0,33,0.4,0,0,0,0,0,0,0,0,0.00,0.00,0.00,0.00,0.00,Matches,5c5a0d4d
511,Rafael Santos,br BRA,GK,Chapecoense,37-096,1989,4,4,360,4.0,0,0,0,0,0,0,0,0,0.00,0.00,0.00,0.00,0.00,Matches,083d6596
512,Eduardo Sasha,br BRA,FWMF,RB Bragantino,34-114,1992,14,8,745,8.3,0,0,0,0,0,2,0,0,0.00,0.00,0.00,0.00,0.00,Matches,b938b871
513,Jefferson Savarino,ve VEN,MF,Fluminense,29-219,1996,15,11,1025,11.4,3,2,5,2,1,1,2,0,0.26,0.18,0.44,0.18,0.35,Matches,91721722
514,Savio,br BRA,DF,Remo,31-023,1995,3,3,200,2.2,0,0,0,0,0,0,0,0,0.00,0.00,0.00,0.00,0.00,Matches,3e8c6e2c
515,Gustavo Scarpa,br BRA,MFFW,Atlético Mineiro,32-164,1994,10,3,323,3.6,1,0,1,1,0,0,0,0,0.28,0.00,0.28,0.28,0.28,Matches,2964fd20
516,João Schmidt,br BRA,MF,Santos,33-030,1993,10,7,622,6.9,0,0,0,0,0,0,2,0,0.00,0.00,0.00,0.00,0.00,Matches,3630db1a
517,Cleiton Schwengber,br BRA,GK,RB Bragantino,28-303,1997,7,7,630,7.0,0,0,0,0,0,0,1,0,0.00,0.00,0.00,0.00,0.00,Matches,d24ae824
518,Kevin Serna,co COL,MF,Fluminense,28-183,1997,18,11,990,11.0,1,1,2,1,0,0,1,0,0.09,0.09,0.18,0.09,0.18,Matches,f3cc4a6e
519,Shaylon,br BRA,MF,Mirassol,29-052,1997,14,10,837,9.3,1,1,2,1,0,0,0,0,0.11,0.11,0.22,0.11,0.22,Matches,69c11ef0
520,André Silva,br BRA,FW,São Paulo,29-015,1997,10,4,314,3.5,0,0,0,0,0,0,3,0,0.00,0.00,0.00,0.00,0.00,Matches,dde93e2c
521,João Pedro Sousa Silva,gw GNB,FW,Remo,29-217,1996,6,5,298,3.3,1,0,1,1,0,0,2,0,0.30,0.00,0.30,0.30,0.30,Matches,0629941f
522,João Vitor Fonseca da Silva,br BRA,DF,Vasco da Gama,21-020,2005,1,1,74,0.8,0,0,0,0,0,0,0,0,0.00,0.00,0.00,0.00,0.00,Matches,62633adc
523,Luan Silva,br BRA,MF,São Paulo,27-096,1999,7,0,96,1.1,0,0,0,0,0,0,1,0,0.00,0.00,0.00,0.00,0.00,Matches,12a226cf
524,Lucas Silva,br BRA,MF,Cruzeiro,33-122,1993,13,6,570,6.3,0,0,0,0,0,0,4,0,0.00,0.00,0.00,0.00,0.00,Matches,1c646218
525,Matheus Pereira da Silva,br BRA,MF,Corinthians,28-113,1998,11,5,452,5.0,0,0,0,0,0,0,1,0,0.00,0.00,0.00,0.00,0.00,Matches,bef22bc4
526,Samuel Pierri Mendes e Silva,br BRA,MF,Santos,18-139,2008,2,0,48,0.5,0,0,0,0,0,0,0,0,0.00,0.00,0.00,0.00,0.00,Matches,1b19332f
527,Luis Sinisterra,co COL,MF,Cruzeiro,27-001,1999,6,2,233,2.6,1,0,1,1,0,0,0,0,0.39,0.00,0.39,0.39,0.39,Matches,8e16dd48
528,Cauã Soares,br BRA,FW,Atlético Mineiro,17-353,2008,5,0,42,0.5,0,0,0,0,0,0,0,0,0.00,0.00,0.00,0.00,0.00,Matches,8b98f7ed
529,Cédric Soares,pt POR,DF,São Paulo,34-291,1991,8,2,267,3.0,0,0,0,0,0,0,1,0,0.00,0.00,0.00,0.00,0.00,Matches,839c14e1
530,Everton Soares,br BRA,MF,Flamengo,30-088,1996,9,4,366,4.1,1,1,2,1,0,0,2,0,0.25,0.25,0.49,0.25,0.49,Matches,b1cbc666
531,Tiquinho Soares,br BRA,FW,Mirassol,35-152,1991,7,4,371,4.1,0,0,0,0,0,0,1,0,0.00,0.00,0.00,0.00,0.00,Matches,4d982baf
532,Fernando Sobral,br BRA,MF,Coritiba,31-183,1994,3,0,46,0.5,0,0,0,0,0,0,0,0,0.00,0.00,0.00,0.00,0.00,Matches,c012aacd
533,Ignacio Sosa,uy URU,MF,RB Bragantino,22-291,2003,14,4,411,4.6,0,0,0,0,0,0,4,0,0.00,0.00,0.00,0.00,0.00,Matches,2d5e4e47
534,Ramón Sosa,py PAR,MFFW,Palmeiras,26-291,1999,15,7,688,7.6,2,1,3,2,0,0,2,0,0.26,0.13,0.39,0.26,0.39,Matches,2d3417a1
535,Yeferson Soteldo,ve VEN,MF,Fluminense,28-353,1997,12,5,520,5.8,0,0,0,0,0,0,0,0,0.00,0.00,0.00,0.00,0.00,Matches,bbb6c951
536,Renê Sousa,br BRA,FW,Vitória,22-254,2003,10,6,682,7.6,5,1,6,5,0,0,2,0,0.66,0.13,0.79,0.66,0.79,Matches,62e5af12
537,Gabriel Souza,br BRA,MF,Vasco da Gama,21-164,2005,2,0,25,0.3,0,0,0,0,0,0,0,0,0.00,0.00,0.00,0.00,0.00,Matches,56a85c3b
538,Hugo Souza,br BRA,GK,Corinthians,27-138,1999,16,16,1440,16.0,0,0,0,0,0,0,2,0,0.00,0.00,0.00,0.00,0.00,Matches,c02e5af1
539,Igor Vinícius de Souza,br BRA,DF,Santos,29-078,1997,13,13,1169,13.0,0,1,1,0,0,0,4,0,0.00,0.08,0.08,0.00,0.08,Matches,ec95088d
540,Claudio Spinelli,ar ARG,FW,Vasco da Gama,28-362,1997,12,4,494,5.5,1,0,1,1,0,0,0,0,0.18,0.00,0.18,0.18,0.18,Matches,578606a7
541,Raul Steffens,br BRA,GK,Botafogo–RJ,28-325,1997,8,7,676,7.5,0,0,0,0,0,0,1,0,0.00,0.00,0.00,0.00,0.00,Matches,32e3faa6
542,Everaldo Stum,br BRA,FW,Fluminense,34-348,1991,1,0,1,0.0,0,0,0,0,0,0,0,0,0.00,0.00,0.00,0.00,0.00,Matches,0ac3d7d8
543,Everaldo Stum,br BRA,FW,Bahia,34-348,1991,14,4,626,7.0,4,0,4,4,0,0,2,0,0.58,0.00,0.58,0.58,0.58,Matches,0ac3d7d8
544,Caio Suassuna,br BRA,FW,Bahia,19-087,2007,1,0,7,0.1,0,0,0,0,0,0,0,0,0.00,0.00,0.00,0.00,0.00,Matches,263254a5
545,Bruno Tabata,br BRA,MF,Internacional,29-080,1997,8,1,178,2.0,0,0,0,0,0,0,0,0,0.00,0.00,0.00,0.00,0.00,Matches,33fdf90d
546,Rubens Tadeu,br BRA,MF,Chapecoense,23-082,2003,7,0,156,1.7,1,0,1,1,0,0,1,0,0.58,0.00,0.58,0.58,0.58,Matches,1da9fcb1
547,Gabriel Taliari,br BRA,FW,Remo,29-066,1997,6,5,435,4.8,3,0,3,3,0,0,0,0,0.62,0.00,0.62,0.62,0.62,Matches,75a16442
548,Gonzalo Tapia,cl CHI,FW,São Paulo,24-120,2002,11,2,278,3.1,0,0,0,0,0,0,1,0,0.00,0.00,0.00,0.00,0.00,Matches,cdbd6b8a
549,Diego Tarzia,ar ARG,MF,Vitória,23-053,2003,12,1,312,3.5,2,1,3,2,0,0,1,0,0.58,0.29,0.87,0.58,0.87,Matches,69b553f7
550,Lucas Taverna,br BRA,DF,Coritiba,20-041,2006,3,1,117,1.3,0,0,0,0,0,0,1,0,0.00,0.00,0.00,0.00,0.00,Matches,6368347a
551,Duplexe Tchamba,cm CMR,DF,Remo,27-343,1998,14,14,1255,13.9,0,0,0,0,0,0,1,0,0.00,0.00,0.00,0.00,0.00,Matches,75926036
552,Tchê Tchê,br BRA,MF,Vasco da Gama,33-292,1992,12,10,779,8.7,1,0,1,1,0,0,2,0,0.12,0.00,0.12,0.12,0.12,Matches,5f2caf8f
553,Alex Telles,br BRA,DFMF,Botafogo–RJ,33-185,1992,15,15,1156,12.8,2,2,4,0,2,2,2,0,0.16,0.16,0.31,0.00,0.16,Matches,e73c9bb2
554,Carlos Terán,co COL,DF,Athletico–PR,25-267,2000,12,10,756,8.4,0,0,0,0,0,0,0,0,0.00,0.00,0.00,0.00,0.00,Matches,324509e2
555,Miguel Terceros,bo BOL,MFFW,Santos,22-054,2004,8,5,401,4.5,1,2,3,1,0,0,1,0,0.22,0.45,0.67,0.22,0.67,Matches,d66ed604
556,Tetê,br BRA,FW,São Paulo,19-065,2007,4,0,87,1.0,0,0,0,0,0,0,1,0,0.00,0.00,0.00,0.00,0.00,Matches,d377cac1
557,Tetê,br BRA,MFFW,Grêmio,26-123,2000,14,8,630,7.0,2,0,2,2,0,0,0,0,0.29,0.00,0.29,0.29,0.29,Matches,7120a04d
558,Thaciano,br BRA,MFFW,Santos,31-037,1995,11,6,534,5.9,2,0,2,2,0,0,1,0,0.34,0.00,0.34,0.34,0.34,Matches,139113e4
559,Rafael Thyere,br BRA,DF,Chapecoense,33-032,1993,2,2,104,1.2,0,0,0,0,0,0,0,0,0.00,0.00,0.00,0.00,0.00,Matches,e2a29d9d
560,Tiago,br BRA,MF,Grêmio,18-136,2008,1,0,26,0.3,0,0,0,0,0,0,0,0,0.00,0.00,0.00,0.00,0.00,Matches,aa98440f
561,Guilherme Tinga,br BRA,DF,Coritiba,32-290,1993,11,10,862,9.6,0,2,2,0,0,0,0,0,0.00,0.21,0.21,0.00,0.21,Matches,a8331ab0
562,Kauan Toledo,br BRA,MFFW,Botafogo–RJ,20-064,2006,3,2,183,2.0,0,1,1,0,0,0,0,0,0.00,0.49,0.49,0.00,0.49,Matches,2cc7bb98
563,Rafael Tolói,it ITA,DF,São Paulo,35-251,1990,5,5,450,5.0,0,0,0,0,0,0,3,0,0.00,0.00,0.00,0.00,0.00,Matches,c56dc39e
564,Félix Torres Caicedo,ec ECU,DF,Internacional,29-158,1997,12,10,950,10.6,1,0,1,1,0,0,3,0,0.09,0.00,0.09,0.09,0.09,Matches,c0a8860f
565,Enzo Vágner,br BRA,FW,Coritiba,19-325,2006,1,0,18,0.2,0,0,0,0,0,0,0,0,0.00,0.00,0.00,0.00,0.00,Matches,65f923c0
566,Vanderlan,br BRA,DF,RB Bragantino,23-284,2002,1,0,7,0.1,0,0,0,0,0,0,0,0,0.00,0.00,0.00,0.00,0.00,Matches,bd8432ff
567,Guillermo Varela,uy URU,DF,Flamengo,33-086,1993,14,11,1071,11.9,0,3,3,0,0,0,2,0,0.00,0.25,0.25,0.00,0.25,Matches,5c961282
568,Lucas Veríssimo,br BRA,DF,Santos,30-351,1995,11,11,990,11.0,0,0,0,0,0,0,1,0,0.00,0.00,0.00,0.00,0.00,Matches,5eaf85b5
569,João Victor,br BRA,DF,Mirassol,28-289,1997,17,17,1530,17.0,0,1,1,0,0,0,1,0,0.00,0.06,0.06,0.00,0.06,Matches,d6d0c8bb
570,João Victor,br BRA,DF,Flamengo,19-168,2007,1,0,72,0.8,0,0,0,0,0,0,0,0,0.00,0.00,0.00,0.00,0.00,Matches,0eaa0f26
571,Marcos Victor,br BRA,DF,Bahia,24-174,2001,1,0,1,0.0,0,0,0,0,0,0,0,0,0.00,0.00,0.00,0.00,0.00,Matches,d714fc5a
572,Viery,br BRA,DF,Grêmio,21-167,2005,13,13,1168,13.0,1,0,1,1,0,0,4,1,0.08,0.00,0.08,0.08,0.08,Matches,73bec74e
573,Rodrigo Villagra,ar ARG,MF,Internacional,25-124,2001,13,12,1051,11.7,0,0,0,0,0,0,1,0,0.00,0.00,0.00,0.00,0.00,Matches,b39ae7e1
574,Lucas Villalba,uy URU,MF,Botafogo–RJ,25-038,2001,9,3,358,4.0,1,1,2,1,0,0,2,0,0.25,0.25,0.50,0.25,0.50,Matches,e0661fb5
575,Lucas Villalba,ar ARG,DF,Cruzeiro,31-303,1994,9,7,653,7.3,0,0,0,0,0,0,1,0,0.00,0.00,0.00,0.00,0.00,Matches,2dc5144f
576,Néiser Villarreal,co COL,FW,Cruzeiro,21-055,2005,11,6,540,6.0,3,1,4,3,0,0,0,0,0.50,0.17,0.67,0.50,0.67,Matches,9200fab7
577,Vinicius,br BRA,MF,Chapecoense,27-021,1999,3,1,128,1.4,0,0,0,0,0,0,0,0,0.00,0.00,0.00,0.00,0.00,Matches,ab3ef9c4
578,Alix Vinicius,br BRA,DF,RB Bragantino,26-224,1999,15,13,1155,12.8,0,0,0,0,0,0,6,1,0.00,0.00,0.00,0.00,0.00,Matches,2083298b
579,Carlos Vinícius,br BRA,FW,Grêmio,31-085,1995,17,17,1379,15.3,9,0,9,8,1,1,3,0,0.59,0.00,0.59,0.52,0.52,Matches,8b529245
580,Marcos Vinicius,br BRA,DFMF,Chapecoense,29-084,1997,9,5,517,5.7,0,1,1,0,0,0,2,0,0.00,0.17,0.17,0.00,0.17,Matches,72cacb0d
581,Vitão,br BRA,DF,Flamengo,26-136,2000,6,3,301,3.3,0,0,0,0,0,0,1,0,0.00,0.00,0.00,0.00,0.00,Matches,d4f034db
582,Vitinho,br BRA,MF,Internacional,27-078,1999,17,13,1188,13.2,0,3,3,0,0,0,4,0,0.00,0.23,0.23,0.00,0.23,Matches,06d4b2e4
583,Vitinho,br BRA,MF,Corinthians,32-252,1993,8,4,349,3.9,0,0,0,0,0,0,0,0,0.00,0.00,0.00,0.00,0.00,Matches,a9e68c94
584,Vitinho,br BRA,DFMF,Botafogo–RJ,26-330,1999,15,13,1158,12.9,0,2,2,0,0,0,3,0,0.00,0.16,0.16,0.00,0.16,Matches,9295dc1c
585,João Vitor,br BRA,FW,Vasco da Gama,17-218,2008,3,0,35,0.4,0,0,0,0,0,0,0,0,0.00,0.00,0.00,0.00,0.00,Matches,0f687c73
586,João Vitor,br BRA,MF,Chapecoense,28-079,1998,11,7,595,6.6,0,0,0,0,0,0,1,0,0.00,0.00,0.00,0.00,0.00,Matches,2954fbfc
587,Zé Vitor,br BRA,MF,Vitória,26-047,2000,9,6,581,6.5,1,0,1,1,0,0,3,0,0.15,0.00,0.15,0.15,0.15,Matches,11283939
588,Kevin Viveros,co COL,FW,Athletico–PR,26-075,2000,17,17,1517,16.9,11,1,12,9,2,2,3,0,0.65,0.06,0.71,0.53,0.59,Matches,f40b94ba
589,Tiago Volpi,br BRA,GK,RB Bragantino,35-181,1990,11,11,990,11.0,2,0,2,0,2,2,0,0,0.18,0.00,0.18,0.00,0.00,Matches,fba79ac8
590,Wagner,br BRA,DF,Grêmio,26-330,1999,9,8,684,7.6,0,0,0,0,0,0,3,1,0.00,0.00,0.00,0.00,0.00,Matches,25b28b59
591,Wallace,br BRA,MF,Flamengo,21-130,2005,6,0,48,0.5,0,0,0,0,0,0,1,0,0.00,0.00,0.00,0.00,0.00,Matches,b83bc030
592,Walter,br BRA,GK,Mirassol,38-212,1987,17,17,1530,17.0,0,0,0,0,0,0,2,0,0.00,0.00,0.00,0.00,0.00,Matches,8bae322b
593,Wanderson,br BRA,MF,Cruzeiro,31-254,1994,14,2,379,4.2,1,0,1,1,0,0,0,0,0.24,0.00,0.24,0.24,0.24,Matches,5da33b33
594,José Welison,br BRA,MF,Remo,31-099,1995,15,9,870,9.7,0,0,0,0,0,0,3,0,0.00,0.00,0.00,0.00,0.00,Matches,b6cb4d16
595,João Wellington,br BRA,MF,Cruzeiro,22-167,2004,3,1,59,0.7,1,0,1,1,0,0,0,0,1.53,0.00,1.53,1.53,1.53,Matches,62e02b9b
596,Wendell,br BRA,DFMF,São Paulo,32-333,1993,12,8,767,8.5,0,3,3,0,0,0,3,0,0.00,0.35,0.35,0.00,0.35,Matches,f9acca3a
597,Wéverton,br BRA,GK,Grêmio,38-187,1987,17,17,1530,17.0,0,1,1,0,0,0,1,0,0.00,0.06,0.06,0.00,0.06,Matches,81be82e9
598,William,br BRA,DF,Cruzeiro,31-076,1995,8,7,535,5.9,0,0,0,0,0,0,3,1,0.00,0.00,0.00,0.00,0.00,Matches,d4d0a9ad
599,Willian,br BRA,MFFW,Grêmio,37-313,1988,8,2,332,3.7,0,0,0,0,0,0,0,0,0.00,0.00,0.00,0.00,0.00,Matches,8b9ebd03
600,Willian,br BRA,MF,Coritiba,33-033,1993,10,5,475,5.3,0,0,0,0,0,0,0,0,0.00,0.00,0.00,0.00,0.00,Matches,96f82d0a
601,Mateus Xavier,br BRA,MF,Santos,18-354,2007,1,0,5,0.1,0,0,0,0,0,0,0,0,0.00,0.00,0.00,0.00,0.00,Matches,55cc2965
602,Samuel Xavier,br BRA,DF,Fluminense,36-012,1990,12,11,965,10.7,0,0,0,0,0,0,3,0,0.00,0.00,0.00,0.00,0.00,Matches,0c870df5
603,Ythallo,br BRA,DF,Botafogo–RJ,21-331,2004,1,1,45,0.5,0,0,0,0,0,0,1,0,0.00,0.00,0.00,0.00,0.00,Matches,75558c64
604,Yuri,br BRA,MF,Mirassol,32-059,1994,6,4,323,3.6,0,0,0,0,0,0,0,1,0.00,0.00,0.00,0.00,0.00,Matches,51762f49
605,Bruno Zapelli,ar ARG,MF,Athletico–PR,24-032,2002,15,8,683,7.6,0,1,1,0,0,0,4,1,0.00,0.13,0.13,0.00,0.13,Matches,a70af595
606,Bernardo Zortea,br BRA,MF,Grêmio,19-089,2007,3,1,69,0.8,0,0,0,0,0,0,0,0,0.00,0.00,0.00,0.00,0.00,Matches,8cc36186
607,Lukas Zuccarello,br BRA,MF,Vasco da Gama,19-198,2006,1,0,11,0.1,0,0,0,0,0,0,0,0,0.00,0.00,0.00,0.00,0.00,Matches,ad792e99