,,,,,,,Playing Time,Playing Time,Playing Time,Playing Time,Playing Time,Starts,Starts,Starts,Subs,Subs,Subs,Team Success,Team Success,Team Success,Team Success,Team Success,Team Success,,-additional
Rk,Player,Nation,Pos,Squad,Age,Born,MP,Min,Mn/MP,Min%,90s,Starts,Mn/Start,Compl,Subs,Mn/Sub,unSub,PPM,onG,onGA,+/-,+/-90,On-Off,Matches,-9999
1,Gabriel Abdias,br BRA,DF,Botafogo–RJ,19-364,2006,0,,,,,0,,0,0,,2,,,,,,,Matches,ca540bc9
2,Nicolás Acevedo,uy URU,DFMF,Bahia,27-065,1999,15,1299,87,84.9,14.4,15,87,12,0,,0,1.53,21,18,+3,+0.21,+0.60,Matches,6140be7b
3,Luciano Acosta,ar ARG,MF,Fluminense,32-018,1994,14,901,64,55.6,10.0,13,67,2,1,24,0,1.71,19,12,+7,+0.70,+0.95,Matches,363ba6d7
4,Adson,br BRA,MF,Vasco da Gama,25-255,2000,8,400,50,24.7,4.4,3,82,1,5,31,8,1.63,9,4,+5,+1.13,+2.01,Matches,eda38706
5,Braian Aguirre,ar ARG,DFMF,Internacional,25-325,2000,12,474,40,29.3,5.3,5,66,2,7,20,6,1.00,4,7,-3,-0.57,-0.73,Matches,74b396d8
6,Yuri Alberto,br BRA,FW,Corinthians,25-092,2001,14,1211,87,74.8,13.5,14,87,9,0,,0,1.36,13,13,0,0.00,+0.22,Matches,65159211
7,José Aldo,br BRA,MF,Mirassol,27-328,1998,15,1081,72,70.7,12.0,12,84,8,3,26,0,0.87,12,14,-2,-0.17,+0.64,Matches,2f90595a
8,João Alencar,br BRA,DF,Santos,18-358,2007,0,,,,,0,,0,0,,1,,,,,,,Matches,0fd7d99f
9,Alerrandro,br BRA,FW,Internacional,26-157,2000,17,771,45,47.6,8.6,9,72,1,8,15,0,1.24,12,9,+3,+0.35,+0.77,Matches,3415a44d
10,Alesson,br BRA,MFFW,Mirassol,27-122,1999,17,1134,67,74.1,12.6,14,77,5,3,21,0,0.94,14,18,-4,-0.32,+0.14,Matches,611e984e
11,Caio Alexandre,br BRA,MF,Bahia,27-114,1999,11,502,46,32.8,5.6,7,59,0,4,22,2,1.82,7,9,-2,-0.36,-0.71,Matches,08ac23b7
12,Matheus Alexandre,br BRA,DF,Remo,27-072,1999,7,153,22,9.4,1.7,1,54,0,6,17,3,1.57,5,5,0,0.00,+0.49,Matches,0212e748
13,Alexsander,br BRA,MF,Atlético Mineiro,22-253,2003,4,90,23,5.6,1.0,0,,0,4,23,7,1.25,0,2,-2,-2.00,-2.06,Matches,b13e7a78
14,Alisson,br BRA,MF,Fluminense,32-358,1993,8,256,32,15.8,2.8,3,67,0,5,11,3,2.13,5,8,-3,-1.05,-1.58,Matches,99139fa4
15,Allan,br BRA,MF,Palmeiras,22-060,2004,17,1213,71,74.9,13.5,15,76,2,2,34,0,2.35,22,10,+12,+0.89,-0.22,Matches,aae04867
16,Allan,br BRA,MF,Corinthians,29-107,1997,13,550,42,34.0,6.1,5,76,3,8,21,1,1.46,5,6,-1,-0.16,-0.16,Matches,b15e93aa
17,Allan,br BRA,MF,Botafogo–RJ,35-161,1991,10,463,46,30.3,5.1,6,65,1,4,19,1,1.60,10,11,-1,-0.19,-0.28,Matches,cc700722
18,Allex,br BRA,MFDF,Internacional,20-045,2006,8,315,39,19.4,3.5,4,65,1,4,14,10,1.13,3,7,-4,-1.14,-1.35,Matches,8a8200ca
19,João Almeida,br BRA,DF,Coritiba,20-153,2006,0,,,,,0,,0,0,,5,,,,,,,Matches,5114171f
20,Kayky Almeida,br BRA,DF,Remo,21-048,2005,7,486,69,30.0,5.4,5,84,4,2,34,3,0.86,8,12,-4,-0.74,-0.42,Matches,4a8d8800
21,Júnior Alonso,py PAR,DF,Atlético Mineiro,33-129,1993,10,900,90,55.6,10.0,10,90,10,0,,5,1.20,13,13,0,0.00,+0.12,Matches,b18a3023
22,Bruno Alves,br BRA,DF,Cruzeiro,20-318,2005,0,,,,,0,,0,0,,4,,,,,,,Matches,637c7c17
23,Dyogo Alves,br BRA,GK,Flamengo,22-160,2004,0,,,,,0,,0,0,,12,,,,,,,Matches,be620844
24,David Alves França,br BRA,MF,Coritiba,18-134,2008,1,1,1,0.1,0.0,0,,0,1,1,7,3.00,0,0,0,0.00,0.00,Matches,57cdf20a
25,Yuri Alves,br BRA,MF,RB Bragantino,19-285,2006,0,,,,,0,,0,0,,1,,,,,,,Matches,7535447f
26,Francis Amuzu,be BEL,MFFW,Grêmio,26-299,1999,16,1040,65,64.2,11.6,12,74,4,4,38,0,1.19,16,17,-1,-0.09,+0.22,Matches,4f0fbd15
27,João Ananias,br BRA,DF,Santos,19-126,2007,3,156,52,9.6,1.7,1,90,1,2,33,6,1.33,2,3,-1,-0.58,-0.45,Matches,91c13988
28,Anderson,br BRA,GK,Chapecoense,28-105,1998,6,540,90,35.3,6.0,6,90,6,0,,4,0.17,6,11,-5,-0.83,+0.17,Matches,29d862d4
29,Anderson,br BRA,FW,Vitória,23-263,2002,4,73,18,4.8,0.8,0,,0,4,18,3,1.75,2,1,+1,+1.23,+1.54,Matches,a03b3912
30,Felipe Anderson,br BRA,MFFW,Palmeiras,33-064,1993,13,372,29,23.0,4.1,3,62,0,10,19,2,2.46,6,2,+4,+0.97,+0.03,Matches,9f1893b9
31,Léo Andrade,br BRA,DF,Remo,28-061,1998,4,295,74,18.2,3.3,3,90,3,1,25,14,0.75,5,7,-2,-0.61,-0.20,Matches,070eb3e3
32,André,br BRA,MF,Corinthians,19-363,2006,14,831,59,51.3,9.2,10,70,3,4,33,0,1.21,8,10,-2,-0.22,-0.33,Matches,867660e8
33,Andrew,br BRA,GK,Flamengo,24-352,2001,0,,,,,0,,0,0,,17,,,,,,,Matches,40406a00
34,Andrey,br BRA,MF,Vasco da Gama,18-133,2008,1,23,23,1.4,0.3,0,,0,1,23,0,0.00,0,0,0,0.00,+0.39,Matches,0bedf7a0
35,Fabrizio Angileri,ar ARG,DF,Corinthians,32-095,1994,6,329,55,20.3,3.7,3,90,3,3,20,8,0.83,2,3,-1,-0.27,-0.27,Matches,fdd26d71
36,Anthoni,br BRA,GK,Internacional,24-146,2002,7,630,90,38.9,7.0,7,90,7,0,,11,1.14,11,11,0,0.00,+0.09,Matches,a0b17b31
37,Anthony,br BRA,DF,Botafogo–RJ,20-341,2005,0,,,,,0,,0,0,,1,,,,,,,Matches,87f5669c
38,Marcos Antônio,br BRA,MF,São Paulo,26-005,2000,12,887,74,54.8,9.9,9,87,7,3,34,0,1.67,14,9,+5,+0.51,+0.75,Matches,108fe016
39,Rodrigo Antonio Rodrigues,br BRA,FWMF,Mirassol,26-058,2000,0,,,,,0,,0,0,,2,,,,,,,Matches,bb18661c
40,David Antunes,br BRA,MF,Chapecoense,20-305,2005,4,55,14,3.6,0.6,1,28,0,3,9,9,0.75,2,4,-2,-3.27,-2.42,Matches,f26429fb
41,Guilherme Arana,br BRA,DF,Fluminense,29-065,1997,13,804,62,49.6,8.9,9,85,8,4,10,5,1.62,14,11,+3,+0.34,+0.12,Matches,2b15a82a
42,Aranha,br BRA,GK,Palmeiras,21-131,2005,0,,,,,0,,0,0,,4,,,,,,,Matches,316795a6
43,Willian Arão,br BRA,MF,Santos,33-197,1992,13,704,54,43.5,7.8,8,74,3,5,22,1,1.38,13,14,-1,-0.13,+0.07,Matches,f47a530a
44,Luiz Araújo,br BRA,MF,Flamengo,30-016,1996,11,364,33,23.8,4.0,4,72,1,7,11,2,2.55,12,2,+10,+2.47,+2.09,Matches,fa18c72e
45,Michel Araujo,uy URU,MF,Bahia,29-263,1996,12,243,20,15.9,2.7,1,45,0,11,18,3,1.25,3,6,-3,-1.11,-1.46,Matches,1159e4ae
46,Alexander Aravena,cl CHI,FWMF,Grêmio,23-285,2002,0,,,,,0,,0,0,,1,,,,,,,Matches,4535ab5d
47,Robert Arboleda,ec ECU,DF,São Paulo,34-239,1991,6,317,53,19.6,3.5,3,90,3,3,16,2,2.17,4,2,+2,+0.57,+0.50,Matches,269dbfc6
48,Lucas Arcanjo,br BRA,GK,Vitória,27-314,1998,13,1170,90,76.5,13.0,13,90,13,0,,1,1.46,16,15,+1,+0.08,+1.33,Matches,21803aa2
49,Benjamin Arhin,gh GHA,MF,Internacional,20-020,2006,1,1,1,0.1,0.0,0,,0,1,1,3,3.00,0,0,0,0.00,+0.06,Matches,47de2b05
50,Jhon Arias,co COL,MF,Palmeiras,28-270,1997,13,1008,78,62.2,11.2,12,81,4,1,32,0,2.31,15,8,+7,+0.62,-0.85,Matches,86d96066
51,Giorgian de Arrascaeta,uy URU,MF,Flamengo,32-017,1994,10,740,74,48.4,8.2,9,78,1,1,35,1,2.30,16,6,+10,+1.22,+0.65,Matches,be8d02dd
52,Keny Arroyo,ec ECU,MF,Cruzeiro,20-124,2006,15,878,59,54.2,9.8,11,71,2,4,26,0,1.13,14,17,-3,-0.31,-0.19,Matches,a9c426f6
53,Arthur,br BRA,DF,Palmeiras,20-287,2005,13,801,62,49.4,8.9,9,82,4,4,15,2,2.15,13,4,+9,+1.01,+0.13,Matches,caf3e90b
54,Artur,br BRA,MF,São Paulo,28-123,1998,10,880,88,54.3,9.8,10,88,8,0,,0,0.90,13,14,-1,-0.10,-0.59,Matches,105132cd
55,Artur,br BRA,FW,Botafogo–RJ,28-123,1998,4,192,48,12.5,2.1,1,81,0,3,37,2,0.75,4,6,-2,-0.94,-1.07,Matches,105132cd
56,Giovanni Augusto,br BRA,MFFW,Chapecoense,36-286,1989,10,401,40,26.2,4.5,7,51,0,3,15,2,0.70,3,5,-2,-0.45,+0.67,Matches,2f94a698
57,Ryan Augusto,br BRA,DF,RB Bragantino,18-287,2007,5,234,47,14.4,2.6,2,90,2,3,18,2,1.20,1,2,-1,-0.38,-0.84,Matches,d08d6f66
58,Matheus Aurelio,br BRA,GK,Chapecoense,26-360,1999,0,,,,,0,,0,0,,1,,,,,,,Matches,3d460576
59,Avellar,br BRA,DF,Vasco da Gama,20-102,2006,1,6,6,0.4,0.1,0,,0,1,6,5,1.00,0,1,-1,-15.00,-14.67,Matches,19536a8f
60,Bahia,br BRA,MF,Corinthians,20-167,2006,0,,,,,0,,0,0,,2,,,,,,,Matches,a4b1b158
61,Matheus Bahia,br BRA,DFMF,Internacional,26-311,1999,10,686,69,42.3,7.6,9,75,3,1,8,3,1.70,12,8,+4,+0.52,+1.01,Matches,33e3c4e5
62,Pablo Baianinho,br BRA,MF,Vitória,22-319,2003,0,,,,,0,,0,0,,6,,,,,,,Matches,9e37d211
63,Fabián Balbuena,py PAR,DF,Grêmio,34-299,1991,7,585,84,36.1,6.5,7,84,6,0,,5,1.14,9,9,0,0.00,+0.26,Matches,3626f7d9
64,Gabriel Baralhas,br BRA,MF,Vitória,27-251,1998,14,1189,85,77.7,13.2,14,85,10,0,,0,1.29,14,17,-3,-0.23,+0.04,Matches,b7838aad
65,Gabriel Barbosa,br BRA,FW,Santos,29-292,1996,12,814,68,50.2,9.0,9,82,4,3,24,1,1.08,14,14,0,0.00,+0.33,Matches,72d0e1b6
66,Lucas Barbosa,br BRA,MFFW,RB Bragantino,25-116,2001,16,1435,90,88.6,15.9,16,90,15,0,,0,1.63,22,17,+5,+0.31,-0.17,Matches,a28eac7e
67,Alexander Barboza,ar ARG,DF,Botafogo–RJ,31-094,1995,12,1034,86,67.6,11.5,12,86,11,0,,0,1.50,24,20,+4,+0.35,+1.07,Matches,b1805c80
68,Álvaro Barreal,ar ARG,MFDF,Santos,25-305,2000,15,935,62,57.7,10.4,10,77,2,5,33,1,1.13,17,15,+2,+0.19,+0.85,Matches,ffca53e1
69,Jordan Barrera,co COL,MF,Botafogo–RJ,20-068,2006,11,374,34,24.4,4.2,3,58,0,8,25,6,1.09,7,10,-3,-0.72,-0.96,Matches,abe7a9c6
70,Kadir Barría,pa PAN,MFFW,Botafogo–RJ,18-335,2007,8,256,32,16.7,2.8,2,45,0,6,28,2,1.50,9,3,+6,+2.11,+2.53,Matches,b594dfe1
71,Cauan Barros,br BRA,MF,Vasco da Gama,22-043,2004,15,1122,75,69.3,12.5,13,83,8,2,21,1,0.73,9,22,-13,-1.04,-2.13,Matches,6ae4627b
72,Bastos,ao ANG,DF,Botafogo–RJ,35-083,1991,6,520,87,34.0,5.8,6,87,5,0,,5,0.67,8,15,-7,-1.21,-1.84,Matches,c01c66d9
73,José Luis Rodríguez Bebanz,uy URU,DFMF,Vasco da Gama,29-096,1997,12,861,72,53.1,9.6,8,89,7,4,38,3,1.25,13,16,-3,-0.31,+0.16,Matches,6f1a7f76
74,Erick Belé,br BRA,MF,Palmeiras,19-148,2007,0,,,,,0,,0,0,,5,,,,,,,Matches,7d96f93b
75,Thiago Beltrame,br BRA,GK,Grêmio,22-351,2003,1,74,74,4.6,0.8,1,74,0,0,,4,0.00,1,3,-2,-2.43,-2.37,Matches,e5819c51
76,Benassi,br BRA,GK,Coritiba,22-183,2003,0,,,,,0,,0,0,,4,,,,,,,Matches,e67af616
77,Gastón Benavídez,ar ARG,MFDF,Athletico–PR,30-238,1995,15,1350,90,83.3,15.0,15,90,15,0,,0,1.80,22,16,+6,+0.40,+0.40,Matches,adc19df2
78,Luis Benedetti,br BRA,DF,Palmeiras,20-011,2006,2,23,12,1.4,0.3,0,,0,2,12,5,3.00,0,0,0,0.00,-0.96,Matches,3690d4f3
79,Alexandro Bernabei,ar ARG,MFDF,Internacional,25-267,2000,15,1284,86,79.3,14.3,14,90,11,1,29,1,1.20,15,15,0,0.00,+0.27,Matches,67b09a18
80,Facundo Bernal,uy URU,MF,Fluminense,22-301,2003,10,549,55,33.9,6.1,7,71,2,3,17,2,1.70,5,10,-5,-0.82,-1.66,Matches,ca34fa2e
81,Bernard,br BRA,MFFW,Atlético Mineiro,33-283,1992,15,739,49,45.6,8.2,10,64,1,5,20,3,1.40,15,10,+5,+0.61,+1.22,Matches,ab4b3e35
82,João Bezerra,br BRA,FW,Internacional,16-354,2009,0,,,,,0,,0,0,,3,,,,,,,Matches,137321f8
83,Matheus Bidu,br BRA,DF,Corinthians,27-045,1999,15,1291,86,79.7,14.3,15,86,12,0,,2,1.47,16,16,0,0.00,+0.27,Matches,b8a72293
84,Damián Bobadilla,py PAR,MF,São Paulo,24-342,2001,14,1059,76,65.4,11.8,13,81,5,1,8,0,1.64,18,15,+3,+0.25,+0.25,Matches,ad7d6437
85,Yannick Bolasie,cd COD,FW,Chapecoense,37-025,1989,14,928,66,60.7,10.3,12,74,4,2,19,0,0.57,9,19,-10,-0.97,-0.07,Matches,715fc0fe
86,Gabriel Bontempo,br BRA,MF,Santos,21-153,2005,16,1059,66,65.4,11.8,13,80,2,3,8,1,1.25,18,21,-3,-0.25,-0.25,Matches,3f384407
87,Daniel Borges,br BRA,DFMF,Mirassol,33-087,1993,5,367,73,24.0,4.1,3,90,3,2,49,9,0.80,3,6,-3,-0.74,-0.50,Matches,71879f82
88,Marllon Borges,br BRA,DF,Remo,34-063,1992,18,1620,90,100.0,18.0,18,90,18,0,,0,1.00,21,29,-8,-0.44,,Matches,d0b29bbd
89,Rafael Borré,co COL,FW,Internacional,30-276,1995,18,1058,59,65.3,11.8,11,82,4,7,23,0,1.17,11,15,-4,-0.34,-0.82,Matches,c68da769
90,David Braga,br BRA,MF,Remo,24-189,2001,6,218,36,13.5,2.4,2,65,0,4,22,2,1.83,3,2,+1,+0.41,+0.99,Matches,1448daef
91,Martin Braithwaite,dk DEN,MFFW,Grêmio,35-013,1991,11,338,31,20.9,3.8,3,72,1,8,15,1,0.91,5,4,+1,+0.27,+0.55,Matches,fd771f95
92,Brayan,br BRA,FW,Coritiba,20-135,2006,0,,,,,0,,0,0,,1,,,,,,,Matches,d2fc2c0c
93,Gabriel Brazão,br BRA,GK,Santos,25-256,2000,16,1440,90,88.9,16.0,16,90,16,0,,0,1.06,22,27,-5,-0.31,-1.31,Matches,18c697e8
94,Brenner,br BRA,FWMF,Vasco da Gama,26-153,2000,13,557,43,34.4,6.2,5,72,1,8,25,2,1.08,6,14,-8,-1.29,-1.38,Matches,279508bf
95,Breno,br BRA,MF,Corinthians,21-118,2005,16,1131,71,69.8,12.6,15,74,3,1,23,0,1.13,12,17,-5,-0.40,-1.13,Matches,4c532308
96,Breno,br BRA,MF,Coritiba,30-145,1996,15,973,65,60.1,10.8,12,72,3,3,36,0,1.60,19,14,+5,+0.46,+1.16,Matches,e0016d00
97,José Breno,br BRA,MF,Vitória,22-012,2004,2,29,15,1.9,0.3,0,,0,2,15,5,2.00,1,1,0,0.00,+0.24,Matches,a404a52b
98,Bruninho,br BRA,MF,Athletico–PR,17-306,2008,9,312,35,19.3,3.5,3,71,0,6,17,2,1.44,4,3,+1,+0.29,-0.06,Matches,aaf85f4f
99,Fabrício Bruno,br BRA,DF,Cruzeiro,30-126,1996,17,1522,90,94.0,16.9,17,90,16,0,,0,1.24,23,27,-4,-0.24,-0.24,Matches,470d197b
100,Kaiki Bruno,br BRA,DF,Cruzeiro,23-102,2003,16,1416,89,87.4,15.7,16,89,14,0,,0,1.13,18,27,-9,-0.57,-2.78,Matches,1a36e9cb
101,Vitor Bueno,br BRA,MFFW,Remo,31-286,1994,11,748,68,46.2,8.3,10,73,2,1,19,1,1.09,11,14,-3,-0.36,+0.16,Matches,5752f96d
102,Gustavo Caballero,py PAR,FW,Santos,24-270,2001,1,45,45,2.8,0.5,1,45,0,0,,0,0.00,1,1,0,0.00,+0.17,Matches,90a38ca7
103,Arthur Cabral,br BRA,FW,Botafogo–RJ,28-054,1998,15,1211,81,79.2,13.5,15,81,8,0,,2,1.27,23,26,-3,-0.22,-1.07,Matches,a820e429
104,Cacá,br BRA,DF,Corinthians,27-054,1999,0,,,,,0,,0,0,,1,,,,,,,Matches,27f4a416
105,Cacá,br BRA,DF,Vitória,27-054,1999,12,1064,89,69.5,11.8,12,89,11,0,,0,1.50,14,13,+1,+0.08,+1.05,Matches,27f4a416
106,Victor Caetano,br BRA,DF,Chapecoense,28-242,1997,8,647,81,42.3,7.2,8,81,5,0,,6,0.75,10,16,-6,-0.83,+0.18,Matches,82a12c6d
107,Jonathan Calleri,ar ARG,FW,São Paulo,32-268,1993,16,1349,84,83.3,15.0,15,88,11,1,27,0,1.56,20,15,+5,+0.33,+1.00,Matches,6922f806
108,Camilo,br BRA,MF,Chapecoense,27-115,1999,14,1170,84,76.5,13.0,14,84,11,0,,0,0.57,8,24,-16,-1.23,-1.23,Matches,dfb81359
109,Juan Camilo Portilla,co COL,MF,Athletico–PR,27-279,1998,15,794,53,49.0,8.8,11,60,1,4,35,0,1.53,8,11,-3,-0.34,-1.32,Matches,ad49f7fb
110,Camutanga,br BRA,DF,Vitória,32-264,1993,8,599,75,39.2,6.7,7,83,5,1,20,1,1.38,6,7,-1,-0.15,+0.14,Matches,c455a045
111,Luan Cândido,br BRA,DF,Vitória,25-136,2001,10,777,78,50.8,8.6,8,90,8,2,29,4,1.20,14,13,+1,+0.12,+0.71,Matches,ca151606
112,Germán Cano,ar ARG,FW,Fluminense,38-136,1988,4,65,16,4.0,0.7,0,,0,4,16,1,1.25,1,2,-1,-1.38,-1.73,Matches,9ccf4e14
113,Agustín Canobbio,uy URU,MF,Fluminense,27-260,1998,11,856,78,52.8,9.5,11,78,3,0,,1,2.00,15,11,+4,+0.42,+0.30,Matches,4f5a2f38
114,Aitor Cantalapiedra,es ESP,MF,Vitória,30-128,1996,8,338,42,22.1,3.8,4,69,1,4,15,5,1.00,2,8,-6,-1.60,-1.75,Matches,21a260a8
115,Víctor Cantillo,co COL,MF,Remo,32-246,1993,0,,,,,0,,0,0,,1,,,,,,,Matches,45075f2f
116,Juninho Capixaba,br BRA,DF,RB Bragantino,28-347,1997,16,1427,89,88.1,15.9,16,89,14,0,,0,1.63,23,16,+7,+0.44,+0.91,Matches,91ba7336
117,Johan Carbonero,co COL,MFFW,Internacional,26-333,1999,17,1123,66,69.3,12.5,13,78,1,4,26,0,1.24,18,14,+4,+0.32,+1.23,Matches,9eca9710
118,Edson Carioca,br BRA,FWMF,Mirassol,28-349,1997,11,475,43,31.0,5.3,5,68,0,6,23,1,0.91,7,5,+2,+0.38,+1.06,Matches,14c679d6
119,Igor Cariús,br BRA,DF,Mirassol,33-048,1993,1,36,36,2.4,0.4,0,,0,1,36,3,1.00,0,1,-1,-2.50,-2.20,Matches,662475de
120,Carlinhos,br BRA,FW,Remo,29-126,1997,0,,,0.0,0.0,0,,0,0,,0,1.00,1,1,0,,,Matches,37fe7c99
121,Jean Carlos Vicente,br BRA,MF,Chapecoense,34-123,1992,17,659,39,43.1,7.3,4,80,0,13,26,0,0.53,7,14,-7,-0.96,-0.03,Matches,db4b7637
122,Jorge Carrascal,co COL,MF,Flamengo,28-024,1998,13,617,47,40.3,6.9,6,70,0,7,28,0,1.85,10,5,+5,+0.73,-0.26,Matches,3f9f0d62
123,André Carrillo,pe PER,MF,Corinthians,35-004,1991,14,696,50,43.0,7.7,8,76,2,6,15,1,1.64,10,9,+1,+0.13,+0.32,Matches,7527558b
124,Rafael Carvalheira,br BRA,MF,Chapecoense,27-023,1999,14,893,64,58.4,9.9,11,74,5,3,26,1,0.57,11,23,-12,-1.21,-0.64,Matches,a204b8fd
125,Mateo Cassierra,co COL,FW,Atlético Mineiro,29-066,1997,14,674,48,41.6,7.5,7,83,3,7,13,1,1.36,10,9,+1,+0.13,+0.32,Matches,0f714df2
126,Cássio,br BRA,GK,Cruzeiro,39-012,1987,5,421,84,26.0,4.7,5,84,4,0,,0,0.40,4,10,-6,-1.28,-1.43,Matches,d42f6326
127,Rodrigo Castillo,ar ARG,FW,Fluminense,27-112,1999,12,509,42,31.4,5.7,4,86,2,8,21,1,1.92,10,9,+1,+0.18,-0.15,Matches,da71df54
128,Arthur Castro,br BRA,FW,Botafogo–RJ,18-354,2007,0,,,,,0,,0,0,,1,,,,,,,Matches,0abaa9e0
129,Franco Catarozzi,uy URU,MF,Remo,26-077,2000,1,23,23,1.4,0.3,0,,0,1,23,2,1.00,0,2,-2,-7.83,-7.49,Matches,ca82c8ac
130,Cauan,br BRA,MF,Vitória,19-258,2006,0,,,,,0,,0,0,,1,,,,,,,Matches,4b266c98
131,Caue,br BRA,DF,RB Bragantino,19-187,2006,3,179,60,11.0,2.0,2,87,1,1,6,11,2.00,2,3,-1,-0.50,-0.94,Matches,b8f62eb5
132,Murilo Cerqueira,br BRA,DF,Palmeiras,29-083,1997,15,1306,87,80.6,14.5,15,87,14,0,,0,2.33,27,11,+16,+1.10,+0.82,Matches,10fe831e
133,Julio Cesar,br BRA,DF,Fluminense,19-224,2006,0,,,,,0,,0,0,,4,,,,,,,Matches,94325798
134,Kaio César,br BRA,MF,Corinthians,22-123,2004,6,295,49,18.2,3.3,2,75,0,4,37,2,1.33,6,3,+3,+0.92,+1.19,Matches,4e232375
135,Kayky Chagas,br BRA,MF,Internacional,23-007,2003,6,75,13,4.6,0.8,0,,0,6,13,5,0.83,1,0,+1,+1.20,+1.32,Matches,17734ea0
136,Gabriel Chapecó,br BRA,GK,Grêmio,26-081,2000,0,,,,,0,,0,0,,14,,,,,,,Matches,a24714b4
137,Chico,br BRA,FWMF,Mirassol,35-032,1991,2,44,22,2.9,0.5,0,,0,2,22,11,1.50,0,1,-1,-2.05,-1.74,Matches,bad7d8a9
138,Chiqueti,br BRA,MF,Athletico–PR,20-289,2005,8,221,28,13.6,2.5,0,,0,8,28,5,1.63,4,0,+4,+1.63,+1.50,Matches,c1aaf0bf
139,Christian,br BRA,MF,Cruzeiro,25-181,2000,17,1249,73,77.1,13.9,15,80,4,2,27,1,1.24,18,23,-5,-0.36,-0.60,Matches,a856b456
140,Mamady Cissé,gn GUI,MF,Atlético Mineiro,19-168,2007,8,175,22,10.8,1.9,0,,0,8,22,3,1.25,3,5,-2,-1.03,-1.09,Matches,431e42f4
141,Walter Clar,py PAR,DFMF,Chapecoense,31-264,1994,10,765,77,50.0,8.5,9,80,7,1,45,7,0.80,10,15,-5,-0.59,+0.71,Matches,5f6d3364
142,Claudinho,br BRA,DF,Vitória,25-267,2000,2,115,58,7.5,1.3,1,70,0,1,45,1,0.00,0,4,-4,-3.13,-3.13,Matches,a921647d
143,Clayton,br BRA,DF,Internacional,26-075,2000,0,,,0.0,0.0,0,,0,0,,6,1.00,2,2,0,,,Matches,30afd787
144,Pedro Cobra,br BRA,GK,Atlético Mineiro,20-033,2006,0,,,,,0,,0,0,,3,,,,,,,Matches,506b023e
145,Robert Conceição,br BRA,MF,Chapecoense,22-333,2003,1,16,16,1.0,0.2,0,,0,1,16,0,3.00,2,0,+2,+11.25,+12.32,Matches,7db41b8c
146,Eduardo Conceição Silva,br BRA,MF,Palmeiras,16-194,2009,0,,,,,0,,0,0,,1,,,,,,,Matches,8770f01c
147,Carlos Coronel,py PAR,GK,São Paulo,29-171,1996,0,,,,,0,,0,0,,17,,,,,,,Matches,5c07e176
148,Joaquín Correa,ar ARG,FW,Botafogo–RJ,31-309,1994,6,183,31,12.0,2.0,1,90,1,5,19,2,1.33,4,3,+1,+0.49,+0.56,Matches,45b9b619
149,Tiago Coser,br BRA,DF,Coritiba,22-153,2004,15,912,61,56.3,10.1,10,82,8,5,19,1,1.67,16,14,+2,+0.20,+0.45,Matches,7afb90a6
150,Paulo Sérgio da Costa Evangelista Júnior,br BRA,MF,Remo,19-270,2006,0,,,,,0,,0,0,,1,,,,,,,Matches,96c27b17
151,Francisco da Costa,br BRA,FW,Cruzeiro,31-044,1995,7,191,27,11.8,2.1,1,90,1,6,17,6,1.14,3,5,-2,-0.94,-0.82,Matches,bc16535e
152,Philippe Coutinho,br BRA,MF,Vasco da Gama,34-006,1992,3,257,86,15.9,2.9,3,86,1,0,,0,0.33,2,3,-1,-0.35,+0.05,Matches,0ef89a37
153,Rafael Coutinho,br BRA,MF,Palmeiras,20-084,2006,0,,,,,0,,0,0,,1,,,,,,,Matches,e1a4f8c8
154,Franco Cristaldo,ar ARG,MF,Grêmio,29-307,1996,0,,,,,0,,0,0,,1,,,,,,,Matches,25b26e2e
155,João Cruz,br BRA,MF,Athletico–PR,20-037,2006,12,404,34,24.9,4.5,3,56,0,9,26,6,1.25,5,5,0,0.00,-0.44,Matches,6e3b3445
156,Tomás Cuello,ar ARG,MF,Atlético Mineiro,26-105,2000,17,1204,71,74.3,13.4,14,78,4,3,36,0,1.24,15,13,+2,+0.15,+0.80,Matches,5c8615dd
157,Carlos Cuesta,co COL,DF,Vasco da Gama,27-101,1999,8,719,90,44.4,8.0,8,90,7,0,,6,1.00,8,12,-4,-0.50,-0.20,Matches,574fff8c
158,Braian Cufré,ar ARG,DFMF,Remo,29-185,1996,1,32,32,2.0,0.4,0,,0,1,32,10,1.00,0,0,0,0.00,+0.45,Matches,192c89a6
159,Cuiabano,br BRA,DF,Vasco da Gama,23-122,2003,11,771,70,47.6,8.6,8,83,6,3,35,0,1.27,14,14,0,0.00,+0.74,Matches,7e49bdbd
160,Kauan Cunha,br BRA,GK,Palmeiras,19-124,2007,0,,,,,0,,0,0,,1,,,,,,,Matches,d7eb7d07
161,Matheus Cunha,br BRA,GK,Cruzeiro,25-025,2001,9,749,83,46.2,8.3,8,90,8,1,29,5,1.56,13,11,+2,+0.24,+0.86,Matches,9475960a
162,Danielzinho,br BRA,MF,São Paulo,31-226,1994,16,1274,80,78.6,14.2,16,80,7,0,,1,1.19,15,15,0,0.00,-0.78,Matches,320de24c
163,Danilo,br BRA,DF,Flamengo,34-338,1991,4,205,51,13.4,2.3,2,90,1,2,13,9,1.25,2,2,0,0.00,-1.02,Matches,94b2001f
164,David,br BRA,FW,Vasco da Gama,30-244,1995,15,759,51,46.9,8.4,10,66,0,5,20,3,1.13,10,12,-2,-0.24,+0.29,Matches,92f9ace5
165,Nicolás De La Cruz,uy URU,MF,Flamengo,29-017,1997,10,232,23,15.2,2.6,1,72,0,9,18,2,1.80,3,5,-2,-0.78,-1.95,Matches,8fda5c72
166,Gabriel Delfim,br BRA,GK,Atlético Mineiro,23-343,2002,0,,,,,0,,0,0,,18,,,,,,,Matches,012beb6e
167,Dell,br BRA,FW,Bahia,18-009,2008,4,72,18,4.7,0.8,0,,0,4,18,4,1.75,0,1,-1,-1.25,-1.44,Matches,1c5c98ed
168,Denilson,br BRA,MF,Mirassol,25-087,2001,10,491,49,32.1,5.5,7,60,0,3,23,7,1.10,7,5,+2,+0.37,+1.06,Matches,9144afdf
169,Leonardo Derik,br BRA,MFDF,Athletico–PR,20-329,2005,10,505,51,31.2,5.6,4,64,1,6,41,6,1.10,4,5,-1,-0.18,-0.74,Matches,23bc4ec7
170,Arthur Dias,br BRA,DF,Athletico–PR,19-069,2007,17,1492,88,92.1,16.6,17,88,15,0,,0,1.76,22,15,+7,+0.42,+1.13,Matches,60a6d677
171,Enzo Díaz,ar ARG,DF,São Paulo,30-193,1995,13,927,71,57.2,10.3,11,80,7,2,22,0,1.08,12,13,-1,-0.10,-0.62,Matches,411d2dc0
172,Lautaro Díaz,ar ARG,FW,Santos,28-028,1998,8,243,30,15.0,2.7,2,83,1,6,13,7,0.63,3,9,-6,-2.22,-2.42,Matches,28b89ba7
173,Dieguinho,br BRA,MF,Corinthians,18-337,2007,8,135,17,8.3,1.5,0,,0,8,17,8,0.88,3,2,+1,+0.67,+0.79,Matches,5c983aa2
174,Diogenes,br BRA,GK,Santos,25-163,2001,2,180,90,11.1,2.0,2,90,2,0,,16,2.00,4,2,+2,+1.00,+1.31,Matches,858e2e40
175,Dodi,br BRA,MF,Grêmio,30-062,1996,6,184,31,11.4,2.0,1,60,0,5,25,9,1.33,1,4,-3,-1.47,-1.47,Matches,2830b8f7
176,Dodô,br BRA,MF,Remo,31-286,1994,1,24,24,1.5,0.3,0,,0,1,24,0,0.00,0,1,-1,-3.75,-3.36,Matches,af7fd224
177,Eduardo Doma,br BRA,DF,Chapecoense,27-293,1998,15,1280,85,83.7,14.2,15,85,12,0,,0,0.60,15,28,-13,-0.91,+0.17,Matches,57f4a036
178,Gustavo Domingos Santana,br BRA,FW,São Paulo,20-289,2005,0,,,,,0,,0,0,,2,,,,,,,Matches,b5ecc368
179,Dória,br BRA,DF,São Paulo,31-222,1994,4,228,57,14.1,2.5,2,90,2,2,24,12,1.50,5,6,-1,-0.39,-0.65,Matches,d28b4a9d
180,Matheus dos Reis,br BRA,FW,Fluminense,19-077,2007,0,,,,,0,,0,0,,3,,,,,,,Matches,b3e08bce
181,Thiago dos Santos,br BRA,MF,Coritiba,36-286,1989,11,446,41,27.5,5.0,5,78,1,6,10,6,1.73,7,9,-2,-0.40,-0.56,Matches,5408d2b2
182,Alexis Duarte,py PAR,DF,Santos,26-098,2000,1,90,90,5.6,1.0,1,90,1,0,,0,0.00,2,4,-2,-2.00,-1.94,Matches,a9f8c8c2
183,David Duarte,br BRA,DF,Bahia,31-145,1995,11,990,90,64.7,11.0,11,90,11,0,,2,1.36,17,16,+1,+0.09,-0.08,Matches,91bf16f7
184,Dudu,br BRA,MF,Athletico–PR,20-168,2006,11,598,54,36.9,6.6,7,70,0,4,27,5,1.82,12,6,+6,+0.90,+0.90,Matches,630a919d
185,Dudu,br BRA,MF,Vitória,27-013,1999,3,168,56,11.0,1.9,1,78,0,2,45,0,1.00,4,4,0,0.00,+0.26,Matches,c9ebe876
186,Dudu,br BRA,MF,Atlético Mineiro,34-162,1992,12,313,26,19.3,3.5,2,53,0,10,21,6,1.17,5,7,-2,-0.58,-0.64,Matches,895ef5ec
187,Edenilson,br BRA,DF,Vitória,21-001,2005,8,379,47,24.8,4.2,4,54,1,4,41,6,1.38,5,4,+1,+0.24,+0.63,Matches,4edc21a7
188,Edenílson,br BRA,MF,Grêmio,36-182,1989,3,152,51,9.4,1.7,2,65,1,1,23,0,1.00,2,4,-2,-1.18,-1.12,Matches,4e50f20e
189,Edenílson,br BRA,MFFW,Botafogo–RJ,36-182,1989,12,569,47,37.2,6.3,6,70,0,6,25,2,1.58,13,11,+2,+0.32,+0.50,Matches,4e50f20e
190,EDU,br BRA,DF,Vitória,26-002,2000,1,70,70,4.6,0.8,1,70,0,0,,0,1.00,1,1,0,0.00,+0.25,Matches,01dc4e41
191,Carlos Eduardo,br BRA,MF,Mirassol,36-244,1989,11,553,50,36.1,6.1,6,74,1,5,22,0,1.09,10,12,-2,-0.33,+0.04,Matches,1a234d32
192,Carlos Eduardo,br BRA,MFFW,Mirassol,29-251,1996,10,505,51,33.0,5.6,7,59,0,3,31,3,1.20,4,7,-3,-0.53,-0.27,Matches,27c23008
193,Luis Eduardo,br BRA,DF,Grêmio,18-153,2008,2,180,90,11.1,2.0,2,90,2,0,,3,2.00,4,3,+1,+0.50,+0.75,Matches,ef49e2ed
194,Vinicius Eduardo,br BRA,DF,Chapecoense,21-120,2005,2,62,31,4.1,0.7,0,,0,2,31,2,0.00,1,1,0,0.00,+0.98,Matches,3f0afcf0
195,Emerson,br BRA,DF,Flamengo,27-155,1999,8,494,62,32.3,5.5,6,77,3,2,18,9,2.13,11,5,+6,+1.09,+0.31,Matches,df8b52a5
196,Leandro Emmanuel Martínez,ar ARG,MF,Vitória,32-014,1994,14,1108,79,72.4,12.3,12,86,11,2,37,1,1.29,16,16,0,0.00,+0.85,Matches,74758396
197,José Enamorado,co COL,MFFW,Grêmio,27-156,1999,17,851,50,52.5,9.5,10,65,0,7,29,1,1.06,9,10,-1,-0.11,+0.13,Matches,5a1ce0cb
198,Ênio,br BRA,MFFW,Chapecoense,25-107,2001,9,636,71,41.6,7.1,7,81,3,2,33,5,0.22,6,12,-6,-0.85,+0.16,Matches,661b892f
199,Erick,br BRA,MF,Bahia,28-216,1997,14,846,60,55.3,9.4,8,88,7,6,24,2,1.64,15,12,+3,+0.32,+0.45,Matches,8a826636
200,Erick,br BRA,MFFW,Vitória,28-190,1997,16,1163,73,76.0,12.9,13,78,3,3,48,0,1.31,17,18,-1,-0.08,+0.66,Matches,8edcad0d
201,Gonzalo Escobar,ar ARG,DF,Santos,29-094,1997,12,1047,87,64.6,11.6,12,87,11,0,,5,1.33,16,15,+1,+0.09,+0.71,Matches,12207ec1
202,Lucas Esquivel,ar ARG,DFMF,Athletico–PR,24-247,2001,14,1115,80,68.8,12.4,14,80,8,0,,1,1.71,20,11,+9,+0.73,+1.26,Matches,404169c2
203,Diego Esser,br BRA,GK,Internacional,21-066,2005,0,,,,,0,,0,0,,2,,,,,,,Matches,b664789f
204,Guilherme Estrella,br BRA,MF,Vasco da Gama,21-057,2005,0,,,,,0,,0,0,,1,,,,,,,Matches,df090e8c
205,Vitor Eudes,br BRA,GK,Fluminense,27-240,1998,0,,,,,0,,0,0,,15,,,,,,,Matches,b7a95ab2
206,Lucas Evangelista,br BRA,MF,Palmeiras,31-043,1995,16,395,25,24.4,4.4,2,58,0,14,20,1,2.31,3,2,+1,+0.23,-0.95,Matches,5f4ce4b6
207,Éverson,br BRA,GK,Atlético Mineiro,35-331,1990,18,1620,90,100.0,18.0,18,90,18,0,,0,1.33,22,23,-1,-0.06,,Matches,a59c090b
208,Everton,br BRA,FWMF,Mirassol,29-093,1997,8,232,29,15.2,2.6,0,,0,8,29,8,0.88,3,3,0,0.00,+0.42,Matches,3b66e70c
209,Everton,br BRA,MFDF,Chapecoense,31-069,1995,14,951,68,62.2,10.6,12,71,4,2,51,0,0.64,9,20,-11,-1.04,-0.26,Matches,507781a4
210,Evertton,br BRA,MF,Flamengo,23-110,2003,13,846,65,55.3,9.4,11,73,5,2,20,2,2.08,18,7,+11,+1.17,+0.64,Matches,4961c6f4
211,Fabinho,br BRA,FWMF,Coritiba,26-212,1999,7,94,13,5.8,1.0,0,,0,7,13,8,1.57,1,1,0,0.00,0.00,Matches,7ea8af29
212,Fabinho,br BRA,MF,RB Bragantino,24-070,2002,5,223,45,13.8,2.5,3,59,0,2,23,8,1.40,1,4,-3,-1.21,-1.79,Matches,ff0e595c
213,Fábio,br BRA,GK,Fluminense,45-261,1980,18,1620,90,100.0,18.0,18,90,18,0,,0,1.72,28,23,+5,+0.28,,Matches,15825726
214,Fabrício,br BRA,FW,Vitória,25-253,2000,8,189,24,12.4,2.1,1,77,0,7,16,5,0.88,2,7,-5,-2.38,-2.45,Matches,e2290a67
215,Fagner,br BRA,DF,Cruzeiro,37-007,1989,12,712,59,44.0,7.9,8,82,4,4,15,5,1.58,8,11,-3,-0.38,-0.28,Matches,a9cc58fe
216,Rodrigo Falcão,br BRA,GK,Santos,21-087,2005,0,,,,,0,,0,0,,2,,,,,,,Matches,464456f9
217,Juan Felipe Aguirre,co COL,DF,Athletico–PR,29-293,1996,14,1160,83,71.6,12.9,13,86,11,1,46,4,1.64,17,13,+4,+0.31,-0.08,Matches,72898527
218,Luiz Felipe,br BRA,MF,Flamengo,18-130,2008,0,,,,,0,,0,0,,6,,,,,,,Matches,bf9728c9
219,Luiz Felipe,br BRA,DF,Internacional,20-030,2006,1,5,5,0.3,0.1,0,,0,1,5,3,3.00,0,0,0,0.00,+0.06,Matches,f519264a
220,Felipinho,br BRA,MF,Athletico–PR,24-243,2001,7,360,51,22.2,4.0,4,82,1,3,11,9,1.57,3,3,0,0.00,-0.43,Matches,b31af3a6
221,Igor Felisberto,br BRA,DF,São Paulo,19-103,2007,0,,,,,0,,0,0,,2,,,,,,,Matches,81fd8dd4
222,Pepê Fermino,br BRA,MF,Santos,19-126,2007,0,,,,,0,,0,0,,1,,,,,,,Matches,76a45ec3
223,Matheus Fernandes,br BRA,MF,RB Bragantino,27-353,1998,11,657,60,40.6,7.3,8,68,0,3,38,1,1.55,12,8,+4,+0.55,+0.36,Matches,f76fdcd2
224,Nathan Fernandes,br BRA,DF,Botafogo–RJ,21-122,2005,4,81,20,5.3,0.9,0,,0,4,20,3,0.75,3,2,+1,+1.11,+1.17,Matches,239bbd8b
225,Roger Fernandes,br BRA,FW,Grêmio,18-050,2008,2,33,17,2.0,0.4,0,,0,2,17,5,2.00,0,0,0,0.00,+0.17,Matches,1fe12f16
226,Fernando,br BRA,MF,RB Bragantino,27-109,1999,8,188,24,11.6,2.1,1,72,0,7,17,2,2.00,5,1,+4,+1.91,+1.79,Matches,d9d43555
227,Luiz Fernando,br BRA,FWMF,Athletico–PR,29-245,1996,1,10,10,0.6,0.1,0,,0,1,10,0,3.00,0,0,0,0.00,-0.34,Matches,824ed016
228,Nahuel Ferraresi,ve VEN,DF,São Paulo,27-211,1998,2,21,11,1.3,0.2,0,,0,2,11,2,2.00,0,0,0,0.00,-0.17,Matches,719aab45
229,Nahuel Ferraresi,ve VEN,DF,Botafogo–RJ,27-211,1998,12,918,77,60.0,10.2,10,86,8,2,30,0,1.50,18,16,+2,+0.20,+0.49,Matches,719aab45
230,Ferreira,br BRA,MFFW,São Paulo,28-169,1997,13,517,40,31.9,5.7,6,70,1,7,14,3,1.15,10,6,+4,+0.70,+0.78,Matches,1414e902
231,Djhordney Ferreira,br BRA,MF,São Paulo,19-001,2007,2,61,31,3.8,0.7,1,45,0,1,16,3,2.00,0,1,-1,-1.48,-1.71,Matches,d93eadad
232,Nicolás Ferreira,uy URU,FW,Remo,24-131,2002,1,21,21,1.3,0.2,0,,0,1,21,4,0.00,0,0,0,0.00,+0.45,Matches,eaa5c295
233,Filipe,br BRA,FW,RB Bragantino,20-125,2006,0,,,,,0,,0,0,,1,,,,,,,Matches,7b91206c
234,Riquelme Fillipi,br BRA,FW,Palmeiras,19-276,2006,2,53,27,3.3,0.6,0,,0,2,27,7,2.00,2,0,+2,+3.40,+2.53,Matches,6f913257
235,Fintelman,br BRA,GK,Vitória,24-333,2001,0,,,,,0,,0,0,,1,,,,,,,Matches,84cf5a2e
236,Nathan Fogaça,br BRA,FW,Mirassol,27-009,1999,10,352,35,23.0,3.9,2,69,0,8,27,2,1.18,6,6,0,0.00,+0.46,Matches,aad135a3
237,Jeferson Forneck,br BRA,MF,Grêmio,19-186,2006,1,5,5,0.3,0.1,0,,0,1,5,1,3.00,0,0,0,0.00,+0.17,Matches,c8b76684
238,Matheus França,br BRA,FW,Vasco da Gama,22-078,2004,3,65,22,4.0,0.7,0,,0,3,22,9,1.33,0,1,-1,-1.38,-1.04,Matches,077faf72
239,Alan Franco,ec ECU,MFDF,Atlético Mineiro,27-301,1998,15,1304,87,80.5,14.5,15,87,13,0,,1,1.13,16,21,-5,-0.35,-1.48,Matches,c76b161b
240,Alan Franco,ar ARG,DF,São Paulo,29-250,1996,13,1073,83,66.2,11.9,13,83,9,0,,0,1.38,13,13,0,0.00,-0.49,Matches,a548281c
241,Lucas Freitas,br BRA,DF,Vasco da Gama,25-149,2001,2,4,2,0.2,0.0,0,,0,2,2,14,2.00,0,1,-1,-22.50,-22.17,Matches,a92be6c1
242,Marlon Freitas,br BRA,MF,Palmeiras,31-083,1995,17,1484,87,91.6,16.5,17,87,14,0,,0,2.24,29,13,+16,+0.97,+0.31,Matches,ae3181de
243,Riquelme Freitas,br BRA,MF,Grêmio,19-309,2006,2,40,20,2.5,0.4,0,,0,2,20,4,2.00,0,0,0,0.00,+0.17,Matches,36e163aa
244,Juan Freytes,ar ARG,DF,Fluminense,26-158,2000,15,1350,90,83.3,15.0,15,90,15,0,,1,1.93,23,17,+6,+0.40,+0.73,Matches,b9863758
245,Adonis Frías,ar ARG,DF,Santos,28-093,1998,8,675,84,41.7,7.5,8,84,7,0,,8,1.13,11,12,-1,-0.13,+0.06,Matches,1b2f1090
246,Bruno Fuchs,br BRA,DF,Palmeiras,27-078,1999,7,507,72,31.3,5.6,5,90,5,2,29,9,2.29,6,3,+3,+0.53,-0.60,Matches,ee89e28d
247,Daniel Fuzato,br BRA,GK,Vasco da Gama,28-349,1997,0,,,,,0,,0,0,,18,,,,,,,Matches,82328faf
248,Gabriel,br BRA,DF,Bahia,25-043,2001,6,429,72,28.0,4.8,5,79,3,1,33,9,1.75,8,9,-1,-0.21,-0.46,Matches,4fd28619
249,Gabriel,br BRA,MF,Mirassol,32-273,1993,7,254,36,16.6,2.8,2,62,0,5,26,0,0.14,1,6,-5,-1.77,-1.70,Matches,0d10333c
250,Gabriel,br BRA,GK,Vitória,33-264,1992,4,360,90,23.5,4.0,4,90,4,0,,10,0.75,5,10,-5,-1.25,-1.33,Matches,f93ed0df
251,Gabriel,br BRA,MF,RB Bragantino,33-343,1992,16,1187,74,73.3,13.2,16,74,5,0,,1,1.75,21,13,+8,+0.61,+1.02,Matches,e9c0d5d8
252,Jean Gabriel,br BRA,MF,Coritiba,23-123,2003,0,,,,,0,,0,0,,2,,,,,,,Matches,006f9df8
253,Pedro Gabriel,br BRA,DFMF,Grêmio,19-012,2007,9,704,78,43.5,7.8,9,78,6,0,,2,0.78,4,8,-4,-0.51,-0.61,Matches,9a05bad9
254,Rhuan Gabriel,br BRA,MF,Cruzeiro,20-132,2006,1,13,13,0.8,0.1,0,,0,1,13,2,0.00,0,0,0,0.00,+0.22,Matches,a9452270
255,Thalisson Gabriel,br BRA,DF,Remo,24-149,2002,0,,,,,0,,0,0,,3,,,,,,,Matches,e494b1e4
256,Victor Gabriel,br BRA,DF,Internacional,22-051,2004,15,1176,78,72.6,13.1,13,87,12,2,23,0,1.07,14,17,-3,-0.23,-0.63,Matches,d1c8df97
257,Antonio Galeano,py PAR,MF,Mirassol,26-088,2000,11,292,27,19.1,3.2,2,57,0,9,20,4,0.91,4,6,-2,-0.62,-0.33,Matches,f7d301ee
258,Ganso,br BRA,MF,Fluminense,36-249,1989,12,338,28,20.9,3.8,2,78,0,10,18,3,1.92,5,6,-1,-0.27,-0.69,Matches,23593121
259,Maurício Garcez,br BRA,FW,Chapecoense,29-094,1997,8,436,55,28.5,4.8,3,90,3,5,33,1,0.38,7,11,-4,-0.83,+0.16,Matches,1c060dbf
260,Rodrigo Garro,ar ARG,MFFW,Corinthians,28-165,1998,18,1221,68,75.4,13.6,14,75,1,4,42,0,1.33,13,14,-1,-0.07,-0.07,Matches,42b3b51f
261,Gean,br BRA,DF,Vitória,21-101,2005,0,,,,,0,,0,0,,1,,,,,,,Matches,90dbca13
262,Gerson,br BRA,MF,Cruzeiro,29-029,1997,17,1347,79,83.1,15.0,17,79,7,0,,0,1.41,19,21,-2,-0.13,+0.53,Matches,8827bf46
263,Agustín Giay,ar ARG,DF,Palmeiras,22-153,2004,15,1008,67,62.2,11.2,11,85,8,4,17,2,2.27,17,6,+11,+0.98,+0.10,Matches,8047b72e
264,Gilberto,br BRA,DF,Bahia,33-103,1993,7,488,70,31.9,5.4,5,80,3,2,45,6,1.71,10,5,+5,+0.92,+1.18,Matches,1338e42b
265,Gilberto,br BRA,MF,Athletico–PR,21-083,2005,5,267,53,16.5,3.0,3,75,2,2,21,11,2.00,3,3,0,0.00,-0.40,Matches,9aea767e
266,Johnny Góes,br BRA,DF,Flamengo,19-083,2007,0,,,,,0,,0,0,,2,,,,,,,Matches,f274d13e
267,Bruno Gomes,br BRA,DF,Internacional,25-075,2001,18,1434,80,88.5,15.9,17,82,10,1,45,0,1.17,20,20,0,0.00,+0.48,Matches,76f2bbf8
268,Davi Gomes,br BRA,FW,RB Bragantino,21-012,2005,2,25,13,1.5,0.3,0,,0,2,13,5,0.00,0,0,0,0.00,-0.34,Matches,4081e2e8
269,Igor Gomes,br BRA,MF,Atlético Mineiro,27-093,1999,5,231,46,14.3,2.6,2,71,0,3,30,12,1.00,4,5,-1,-0.39,-0.39,Matches,6a7fb945
270,Andrés Gómez,co COL,MF,Vasco da Gama,23-279,2002,16,1321,83,81.5,14.7,15,86,11,1,26,0,1.19,18,23,-5,-0.34,+0.26,Matches,76a82373
271,Gustavo Gómez,py PAR,DF,Palmeiras,33-043,1993,16,1429,89,88.2,15.9,16,89,15,0,,1,2.19,27,12,+15,+0.94,0.00,Matches,d5ce52a5
272,Román Gómez,ar ARG,DF,Bahia,21-339,2004,3,270,90,17.6,3.0,3,90,3,0,,14,1.00,4,7,-3,-1.00,-1.36,Matches,68084f40
273,Sebastián Gómez,co COL,MF,Coritiba,30-015,1996,15,1194,80,73.7,13.3,15,80,6,0,,0,1.67,18,18,0,0.00,0.00,Matches,233de573
274,Nuno Gonçalo Moreira,pt POR,MF,Vasco da Gama,27-002,1999,15,784,52,48.4,8.7,11,66,0,4,16,3,1.07,11,15,-4,-0.46,-0.14,Matches,c28df63c
275,Rafael Gonzaga,br BRA,DF,Santos,18-131,2008,1,45,45,2.8,0.5,0,,0,1,45,5,0.00,1,2,-1,-2.00,-1.89,Matches,fdc4897c
276,Cristian González,uy URU,DF,Remo,29-330,1996,0,,,,,0,,0,0,,9,,,,,,,Matches,dba66719
277,Guga,br BRA,DF,Fluminense,27-293,1998,11,670,61,41.4,7.4,7,90,6,4,10,5,1.64,12,10,+2,+0.27,-0.02,Matches,6975a3e1
278,Guilherme,br BRA,MF,Flamengo,20-136,2006,0,,,,,0,,0,0,,1,,,,,,,Matches,281919b9
279,Zé Guilherme,br BRA,DF,Bahia,21-094,2005,1,64,64,4.2,0.7,1,64,0,0,,1,3.00,1,1,0,0.00,-0.12,Matches,9fd07241
280,Felipe Guimarães,br BRA,DF,Coritiba,22-071,2004,0,,,,,0,,0,0,,5,,,,,,,Matches,7f5de1c6
281,Gustavinho,br BRA,MF,RB Bragantino,22-056,2004,14,639,46,39.4,7.1,7,71,1,7,20,3,1.64,7,5,+2,+0.28,-0.09,Matches,9525ddcd
282,Gustavo,br BRA,MF,Coritiba,23-280,2002,4,61,15,3.8,0.7,0,,0,4,15,10,1.00,1,2,-1,-1.48,-1.53,Matches,226c2775
283,Luiz Gustavo,br BRA,DF,Bahia,20-067,2006,0,,,,,0,,0,0,,7,,,,,,,Matches,8b7b78ac
284,Luiz Gustavo,br BRA,MF,Athletico–PR,38-330,1987,13,994,76,61.4,11.0,12,79,5,1,49,0,1.46,17,13,+4,+0.36,+0.07,Matches,82671804
285,Bruno Henrique,br BRA,MFFW,Flamengo,35-170,1990,12,354,30,23.1,3.9,2,68,1,10,22,0,2.00,8,7,+1,+0.25,-0.82,Matches,5edff24f
286,Bruno Henrique,br BRA,MF,Internacional,36-240,1989,15,908,61,56.0,10.1,11,73,0,4,26,3,1.33,14,10,+4,+0.40,+1.03,Matches,5a43b021
287,Gustavo Henrique,br BRA,MF,Santos,21-072,2005,8,584,73,36.0,6.5,8,73,1,0,,3,1.00,7,12,-5,-0.77,-0.94,Matches,0d51aa96
288,Gustavo Henrique,br BRA,DF,Corinthians,33-086,1993,15,1350,90,83.3,15.0,15,90,15,0,,2,1.47,16,16,0,0.00,+0.33,Matches,fa066690
289,Matheus Henrique,br BRA,MF,Cruzeiro,28-181,1997,17,766,45,47.3,8.5,7,77,3,10,23,0,1.35,11,14,-3,-0.35,-0.25,Matches,a2d9f138
290,Paulo Henrique,br BRA,DF,Vasco da Gama,29-328,1996,12,777,65,48.0,8.6,10,74,5,2,20,1,1.33,10,14,-4,-0.46,-0.14,Matches,25a0cb08
291,Pedro Henrique,br BRA,DF,RB Bragantino,30-259,1995,11,805,73,49.7,8.9,8,90,8,3,28,6,1.82,11,10,+1,+0.11,-0.44,Matches,4322e5d7
292,Hércules,br BRA,MF,Fluminense,25-241,2000,16,938,59,57.9,10.4,10,82,4,6,19,0,1.69,17,11,+6,+0.58,+0.71,Matches,eadc7b45
293,Diego Hernández,uy URU,MF,Remo,25-361,2000,9,162,18,10.0,1.8,1,61,0,8,13,1,1.11,6,3,+3,+1.67,+2.35,Matches,279cc0e8
294,Jhoan Hernández,co COL,DF,Botafogo–RJ,20-118,2006,1,48,48,3.1,0.5,1,48,0,0,,0,1.00,0,1,-1,-1.87,-1.94,Matches,6697cafb
295,José Herrera,ar ARG,MFFW,RB Bragantino,23-063,2003,14,724,52,44.7,8.0,10,64,1,4,22,1,1.43,13,9,+4,+0.50,+0.30,Matches,1dcddc4d
296,Marino Hinestroza,co COL,MF,Vasco da Gama,23-345,2002,8,227,28,14.0,2.5,1,84,0,7,20,7,0.75,2,3,-1,-0.40,-0.01,Matches,f397ba12
297,Hugo,br BRA,DF,Corinthians,28-293,1997,0,,,,,0,,0,0,,1,,,,,,,Matches,bd2593f3
298,Victor Hugo,br BRA,MFFW,Atlético Mineiro,22-038,2004,15,1204,80,74.3,13.4,15,80,6,0,,0,1.13,13,17,-4,-0.30,-0.95,Matches,33fca7f7
299,Vitor Hugo,br BRA,DF,Atlético Mineiro,35-029,1991,6,471,79,29.1,5.2,5,90,4,1,23,8,1.67,5,8,-3,-0.57,-0.73,Matches,f2c1300a
300,Huguinho,br BRA,MF,Botafogo–RJ,19-073,2007,3,255,85,16.7,2.8,3,85,2,0,,4,1.33,4,4,0,0.00,0.00,Matches,9368b299
301,Hulk,br BRA,FWMF,Atlético Mineiro,39-328,1986,12,906,76,55.9,10.1,11,79,4,1,33,0,1.17,12,11,+1,+0.10,+0.35,Matches,33a1f72e
302,José Hurtado,ec ECU,DF,RB Bragantino,24-177,2001,12,922,77,56.9,10.2,11,83,4,1,6,3,1.17,10,15,-5,-0.49,-1.91,Matches,cb067e96
303,Iago,br BRA,DF,Bahia,29-087,1997,3,127,42,8.3,1.4,1,90,1,2,19,13,1.33,4,4,0,0.00,-0.13,Matches,054849d2
304,Ignácio,br BRA,DF,Fluminense,29-199,1996,7,541,77,33.4,6.0,6,90,6,1,1,9,1.57,11,11,0,0.00,-0.42,Matches,2e005e3b
305,Índio,br BRA,MF,Atlético Mineiro,18-076,2008,0,,,,,0,,0,0,,1,,,,,,,Matches,fe4c3b03
306,Isaac,br BRA,MF,Athletico–PR,22-055,2004,1,18,18,1.1,0.2,0,,0,1,18,9,0.00,0,0,0,0.00,-0.34,Matches,e43ddd61
307,Mateus Iseppe,br BRA,MF,Atlético Mineiro,20-047,2006,0,,,,,0,,0,0,,3,,,,,,,Matches,80d18f26
308,Italo,br BRA,MFFW,Chapecoense,23-248,2002,15,716,48,46.8,8.0,8,65,1,7,28,1,0.60,9,16,-7,-0.88,+0.12,Matches,da8bc098
309,Iuri,br BRA,GK,Bahia,19-127,2007,0,,,,,0,,0,0,,1,,,,,,,Matches,86fc3576
310,Zé Ivaldo,br BRA,DF,Santos,29-117,1997,5,358,72,22.1,4.0,4,85,3,1,17,6,0.40,6,7,-1,-0.25,-0.11,Matches,5b6e7010
311,Ivan,br BRA,GK,Remo,28-351,1997,1,90,90,5.6,1.0,1,90,1,0,,13,3.00,1,0,+1,+1.00,+1.53,Matches,43895807
312,Jacaré,,,Corinthians,,,0,,,,,0,,0,0,,1,,,,,,,Matches,16acd7a9
313,Jacy,br BRA,DF,Coritiba,28-342,1997,15,1104,74,68.1,12.3,12,85,9,3,27,0,1.33,15,17,-2,-0.16,-0.51,Matches,f6b46b90
314,Jáderson,br BRA,MF,Remo,25-310,2000,10,209,21,12.9,2.3,2,52,0,8,13,6,0.80,4,4,0,0.00,+0.51,Matches,5ba6a4ff
315,Jadson,br BRA,MF,Athletico–PR,32-292,1993,12,714,60,44.1,7.9,8,77,5,4,26,4,1.83,12,8,+4,+0.50,+0.31,Matches,05748af4
316,Jajá,br BRA,MFFW,Remo,27-218,1998,14,890,64,54.9,9.9,10,78,4,4,27,0,0.93,10,17,-7,-0.71,-0.58,Matches,e23c0d1d
317,Jamerson,br BRA,DF,Vitória,27-282,1998,6,313,52,20.5,3.5,3,83,2,3,21,3,1.67,3,5,-2,-0.58,-0.43,Matches,7910d817
318,Léo Jardim,br BRA,GK,Vasco da Gama,31-090,1995,18,1620,90,100.0,18.0,18,90,18,0,,0,1.11,22,29,-7,-0.39,,Matches,f5dfc256
319,Jefté,br BRA,DF,Palmeiras,22-179,2003,7,243,35,15.0,2.7,3,67,0,4,10,8,2.00,4,4,0,0.00,-1.11,Matches,94217eae
320,Jemmes,br BRA,DF,Fluminense,26-070,2000,14,1126,80,69.5,12.5,13,87,12,1,1,3,1.86,19,14,+5,+0.40,+0.40,Matches,341cadaf
321,Claudio Jesus,br BRA,MF,Athletico–PR,20-235,2005,3,243,81,15.0,2.7,2,90,2,1,63,8,2.33,3,2,+1,+0.37,+0.04,Matches,b6d674c0
322,Caíque de Jesus Gonçalves,br BRA,MFDF,Vitória,30-251,1995,15,1137,76,74.3,12.6,15,76,7,0,,2,1.27,15,19,-4,-0.32,-0.32,Matches,e075d03e
323,Felipe Jonatan,br BRA,DFMF,Coritiba,28-123,1998,11,546,50,33.7,6.1,5,74,2,6,29,3,0.91,5,8,-3,-0.49,-0.75,Matches,0102ca7f
324,Jonathan,br BRA,DF,Cruzeiro,22-022,2004,10,798,80,49.3,8.9,9,88,7,1,8,5,1.70,12,11,+1,+0.11,+0.66,Matches,a25c009d
325,Jorge,br BRA,DF,Remo,30-082,1996,0,,,,,0,,0,0,,1,,,,,,,Matches,13c44fc5
326,Kaio Jorge,br BRA,FW,Cruzeiro,24-145,2002,12,911,76,56.2,10.1,11,80,5,1,29,0,1.50,14,16,-2,-0.20,+0.06,Matches,0cf465f2
327,Jorginho,it ITA,MF,Flamengo,34-180,1991,11,884,80,57.8,9.8,10,85,5,1,34,0,1.82,18,9,+9,+0.92,+0.08,Matches,45db685d
328,José,br BRA,MF,Cruzeiro,20-291,2005,0,,,,,0,,0,0,,3,,,,,,,Matches,59b55d8c
329,Willian José,br BRA,FW,Bahia,34-207,1991,16,896,56,58.6,10.0,13,64,1,3,20,0,1.63,17,14,+3,+0.30,+0.44,Matches,d87e2cae
330,Joshua,br BRA,MF,Flamengo,19-023,2007,1,6,6,0.4,0.1,0,,0,1,6,0,3.00,0,0,0,0.00,-0.89,Matches,04347cef
331,Luciano Juba,br BRA,DF,Bahia,26-293,1999,15,1319,88,86.2,14.7,15,88,14,0,,0,1.53,20,18,+2,+0.14,+0.14,Matches,c2abc321
332,Julimar,br BRA,MFFW,Athletico–PR,25-144,2001,13,721,55,44.5,8.0,9,60,0,4,45,0,1.92,14,9,+5,+0.62,+0.52,Matches,5fca1c6c
333,Juninho,br BRA,DF,Internacional,30-174,1995,3,161,54,9.9,1.8,2,78,1,1,5,14,2.00,4,2,+2,+1.12,+1.30,Matches,72c01cfb
334,Kauê Junior,br BRA,FW,Bahia,17-111,2009,0,,,,,0,,0,0,,3,,,,,,,Matches,1c8f7804
335,Robinho Junior,br BRA,MF,Santos,18-183,2007,4,49,12,3.0,0.5,0,,0,4,12,11,0.75,0,2,-2,-3.67,-3.62,Matches,5042b172
336,Gabriel Justino,br BRA,DF,Botafogo–RJ,20-063,2006,6,317,53,20.7,3.5,3,88,1,3,17,8,1.67,4,4,0,0.00,0.00,Matches,bd01d413
337,Kadu,br BRA,DF,Botafogo–RJ,20-306,2005,0,,,,,0,,0,0,,10,,,,,,,Matches,b8e80d8e
338,Walter Kannemann,ar ARG,DF,Grêmio,35-096,1991,0,,,,,0,,0,0,,15,,,,,,,Matches,5b37f2f8
339,Kanu,br BRA,DF,Bahia,29-103,1997,3,237,79,15.5,2.6,3,79,2,0,,6,1.33,4,4,0,0.00,-0.14,Matches,fefa9b9a
340,Pedro Kauã,br BRA,DF,Internacional,20-081,2006,0,,,,,0,,0,0,,3,,,,,,,Matches,8ce31838
341,Kauan,br BRA,GK,Internacional,23-052,2003,0,,,,,0,,0,0,,8,,,,,,,Matches,394b99c4
342,Kauan,br BRA,DF,Chapecoense,23-072,2003,0,,,,,0,,0,0,,3,,,,,,,Matches,9b005c75
343,Kauan,br BRA,DF,Vitória,19-095,2007,0,,,,,0,,0,0,,2,,,,,,,Matches,dba9eb68
344,Kauê,br BRA,GK,Corinthians,22-130,2004,2,180,90,11.1,2.0,2,90,2,0,,13,1.50,2,3,-1,-0.50,-0.50,Matches,456ce27f
345,Kayke,br BRA,MF,Corinthians,22-051,2004,6,233,39,14.4,2.6,2,79,0,4,19,5,1.33,0,0,0,0.00,+0.06,Matches,ce705c56
346,Renato Kayser,br BRA,FW,Vitória,30-121,1996,12,639,53,41.8,7.1,10,60,0,2,18,0,1.58,10,6,+4,+0.56,+1.37,Matches,c7495dda
347,Keiller,br BRA,GK,Coritiba,29-232,1996,0,,,,,0,,0,0,,13,,,,,,,Matches,e38fde76
348,Kenji,br BRA,MF,Cruzeiro,20-139,2006,7,179,26,11.0,2.0,1,63,0,6,19,8,1.43,3,2,+1,+0.50,+0.82,Matches,492ade3c
349,John Kennedy,br BRA,FW,Fluminense,24-031,2002,17,1089,64,67.2,12.1,13,77,3,4,22,1,1.65,21,11,+10,+0.83,+1.67,Matches,132880e0
350,Keno,br BRA,FWMF,Coritiba,36-281,1989,4,83,21,5.1,0.9,0,,0,4,21,3,1.25,1,1,0,0.00,0.00,Matches,98558c11
351,Khellven,br BRA,DF,Palmeiras,25-113,2001,13,667,51,41.2,7.4,8,75,3,5,14,5,2.00,14,7,+7,+0.94,0.00,Matches,cf18ab1b
352,Willian Klaus,br BRA,DF,Remo,32-158,1994,0,,,,,0,,0,0,,4,,,,,,,Matches,ddc86898
353,Mohamed Kone,ci CIV,DF,Palmeiras,18-241,2007,0,,,,,0,,0,0,,1,,,,,,,Matches,1293da82
354,Zakaria Labyad,ma MAR,FWMF,Corinthians,33-101,1993,8,95,12,5.9,1.1,0,,0,8,12,4,1.25,3,3,0,0.00,+0.06,Matches,ebc56869
355,Larson,br BRA,MF,Palmeiras,20-343,2005,4,55,14,3.4,0.6,0,,0,4,14,13,3.00,1,0,+1,+1.64,+0.72,Matches,93175c23
356,Joaquín Lavega,uy URU,MF,Coritiba,21-135,2005,17,839,49,51.8,9.3,10,68,1,7,23,0,1.47,13,11,+2,+0.21,+0.45,Matches,c67a5e1d
357,Lawan,br BRA,FW,Vitória,21-024,2005,1,13,13,0.8,0.1,0,,0,1,13,1,0.00,0,1,-1,-6.92,-6.75,Matches,eeef2120
358,Gabriel Leite,br BRA,GK,Coritiba,38-172,1987,0,,,,,0,,0,0,,2,,,,,,,Matches,5d4b2d9c
359,Yuri Leles,br BRA,MF,RB Bragantino,19-062,2007,0,,,,,0,,0,0,,9,,,,,,,Matches,147757d3
360,Léo,br BRA,GK,Chapecoense,35-269,1990,7,630,90,41.2,7.0,7,90,7,0,,0,1.00,9,11,-2,-0.29,+1.11,Matches,5404291d
361,Léo,br BRA,GK,Bahia,35-269,1990,9,764,85,49.9,8.5,9,85,8,0,,0,1.00,13,12,+1,+0.12,0.00,Matches,5404291d
362,Bruno Leonardo,br BRA,DF,Chapecoense,30-016,1996,14,1219,87,79.7,13.5,14,87,12,0,,2,0.36,10,28,-18,-1.33,-1.91,Matches,0dfd6e28
363,Hugo Leonardo,br BRA,MF,São Paulo,22-150,2004,1,19,19,1.2,0.2,0,,0,1,19,2,0.00,0,1,-1,-4.74,-4.96,Matches,4e669c97
364,Leozinho,br BRA,FW,Athletico–PR,27-195,1998,5,86,17,5.3,1.0,0,,0,5,17,13,1.40,3,1,+2,+2.09,+1.86,Matches,0ca96dcb
365,Lima,br BRA,FWMF,Fluminense,30-007,1996,1,2,2,0.1,0.0,0,,0,1,2,1,1.00,0,0,0,0.00,-0.28,Matches,d215c7de
366,Leonardo Linck,br BRA,GK,Botafogo–RJ,25-107,2001,0,,,,,0,,0,0,,10,,,,,,,Matches,bc30a70d
367,Jesse Lingard,eng ENG,MFFW,Corinthians,33-185,1992,9,407,45,25.1,4.5,5,62,1,4,24,0,1.22,5,7,-2,-0.44,-0.52,Matches,810e3c74
368,Samuel Lino,br BRA,MF,Flamengo,26-177,1999,17,1004,59,65.6,11.2,13,69,2,4,27,0,2.00,22,9,+13,+1.17,+0.82,Matches,2a295d33
369,Vinicius Lira,br BRA,DF,Santos,18-249,2007,5,353,71,21.8,3.9,4,83,2,1,20,1,1.00,5,7,-2,-0.51,-0.44,Matches,c7771fd8
370,Renan Lodi,br BRA,DFMF,Atlético Mineiro,28-071,1998,17,1513,89,93.4,16.8,17,89,14,0,,0,1.41,21,19,+2,+0.12,+2.64,Matches,ed9f7cfe
371,Marcelo Lomba,br BRA,GK,Palmeiras,39-182,1986,1,90,90,5.6,1.0,1,90,1,0,,17,3.00,1,0,+1,+1.00,+0.06,Matches,e4835e3c
372,Felipe Longo,br BRA,GK,Corinthians,21-105,2005,0,,,,,0,,0,0,,6,,,,,,,Matches,e671b482
373,Bruno Lopes,br BRA,FW,Vasco da Gama,18-328,2007,1,22,22,1.4,0.2,0,,0,1,22,1,0.00,0,0,0,0.00,+0.39,Matches,70749d76
374,Flaco López,ar ARG,FW,Palmeiras,25-194,2000,17,1303,77,80.4,14.5,17,77,6,0,,0,2.24,26,12,+14,+0.97,+0.12,Matches,e1426a52
375,Renzo López,uy URU,FW,Vitória,32-063,1994,6,134,22,8.8,1.5,1,45,0,5,18,6,1.17,1,5,-4,-2.69,-2.69,Matches,675cf0be
376,Lucas,br BRA,MF,Vitória,26-295,1999,4,28,7,1.8,0.3,0,,0,4,7,7,0.00,0,2,-2,-6.43,-6.31,Matches,7a3d0687
377,Ayrton Lucas,br BRA,DF,Flamengo,28-364,1997,9,424,47,27.7,4.7,4,80,2,5,21,8,2.22,7,4,+3,+0.64,-0.34,Matches,db90b737
378,Jean Lucas,br BRA,MF,Bahia,27-361,1998,15,1191,79,77.8,13.2,15,79,6,0,,2,1.47,19,19,0,0.00,-0.53,Matches,a99138af
379,João Lucas,br BRA,DF,Remo,28-101,1998,6,482,80,29.8,5.4,6,80,5,0,,0,0.50,6,11,-5,-0.93,-0.70,Matches,289dc81e
380,Luciano,br BRA,MFFW,São Paulo,33-031,1993,14,973,70,60.1,10.8,12,76,1,2,30,1,1.57,17,11,+6,+0.55,+0.97,Matches,24ce161c
381,Lucio,br BRA,MF,Flamengo,19-067,2007,0,,,,,0,,0,0,,2,,,,,,,Matches,a5aa1b17
382,Luighi,br BRA,FW,Palmeiras,20-049,2006,7,165,24,10.2,1.8,1,56,0,6,18,11,2.00,2,1,+1,+0.55,-0.44,Matches,f6202ded
383,André Luis,br BRA,FW,Mirassol,32-101,1994,11,450,41,29.4,5.0,5,60,1,6,25,1,0.73,5,7,-2,-0.40,-0.07,Matches,2962bf2e
384,Victor Luis,br BRA,DF,Mirassol,32-360,1993,7,329,47,21.5,3.7,3,74,1,4,27,7,1.29,4,7,-3,-0.82,-0.60,Matches,cc68c4d3
385,Victor Luis,br BRA,DF,Vasco da Gama,32-360,1993,0,,,,,0,,0,0,,1,,,,,,,Matches,cc68c4d3
386,Wallisson Luiz,br BRA,MF,Coritiba,28-268,1997,12,435,36,26.9,4.8,4,73,1,8,18,2,1.50,5,9,-4,-0.83,-1.13,Matches,8b35dc4b
387,Lyanco,br BRA,DF,Atlético Mineiro,29-137,1997,7,454,65,28.0,5.0,5,88,4,2,8,6,2.14,9,3,+6,+1.19,+1.73,Matches,b5bf1770
388,Willian Machado,br BRA,DF,Mirassol,29-217,1996,15,1350,90,88.2,15.0,15,90,15,0,,1,1.07,17,21,-4,-0.27,+0.73,Matches,afb23fa3
389,Kainã Correa Dal Magro,br BRA,GK,Chapecoense,21-032,2005,0,,,,,0,,0,0,,1,,,,,,,Matches,1c358f2f
390,Pablo Maia,br BRA,MF,São Paulo,24-159,2002,10,515,52,31.8,5.7,5,81,2,5,22,2,2.10,5,4,+1,+0.17,+0.01,Matches,3a243771
391,Thiago Maia,br BRA,MF,Internacional,29-087,1997,10,147,15,9.1,1.6,0,,0,10,15,6,1.60,3,3,0,0.00,+0.06,Matches,91e58f66
392,Maicon,br BRA,DF,Coritiba,37-277,1988,13,1019,78,62.9,11.3,12,82,7,1,33,0,1.38,12,13,-1,-0.09,-0.24,Matches,2a8683b9
393,Maik,br BRA,DFMF,São Paulo,21-166,2005,5,368,74,22.7,4.1,4,85,1,1,28,4,1.40,4,5,-1,-0.24,-0.53,Matches,f11cb3b7
394,Mailson,br BRA,FW,Chapecoense,23-038,2003,0,,,,,0,,0,0,,2,,,,,,,Matches,d63e892b
395,Alef Manga,br BRA,MFFW,Remo,31-201,1994,18,1327,74,81.9,14.7,16,80,5,2,22,0,1.00,16,20,-4,-0.27,+0.96,Matches,559782c4
396,Fernando Marçal,br BRA,DF,Botafogo–RJ,37-119,1989,4,144,36,9.4,1.6,1,90,1,3,18,4,1.25,4,3,+1,+0.62,+0.69,Matches,9ae9eaea
397,Marcelinho,br BRA,MF,RB Bragantino,21-306,2004,4,191,48,11.8,2.1,1,72,0,3,40,12,3.00,6,3,+3,+1.41,+1.22,Matches,61234a52
398,Marcelinho,br BRA,DFMF,Remo,27-333,1998,15,1204,80,74.3,13.4,13,86,9,2,41,2,1.07,14,20,-6,-0.45,-0.02,Matches,1d5d9dfd
399,João Marcelo,br BRA,DF,Cruzeiro,26-005,2000,5,296,59,18.3,3.3,3,90,3,2,13,12,0.80,5,6,-1,-0.30,-0.10,Matches,e18b8c9e
400,Marcinho,br BRA,FWMF,Chapecoense,31-010,1995,16,808,51,52.8,9.0,11,63,2,5,23,1,0.56,9,18,-9,-1.00,-0.13,Matches,5465c7f9
401,Zé Marcos,br BRA,DF,Vitória,28-137,1998,2,158,79,10.3,1.8,2,79,1,0,,1,1.50,3,4,-1,-0.57,-0.37,Matches,7b9ab588
402,Marinho,br BRA,FW,Vitória,36-020,1990,7,154,22,10.1,1.7,2,38,0,5,16,2,1.43,3,3,0,0.00,+0.26,Matches,c077c735
403,Marlon,br BRA,DF,Grêmio,29-029,1997,6,525,88,32.4,5.8,6,88,5,0,,0,1.67,11,9,+2,+0.34,+0.75,Matches,63969d01
404,Gustavo Marques,br BRA,DF,RB Bragantino,24-252,2001,16,1355,85,83.6,15.1,15,90,15,1,5,1,1.75,20,14,+6,+0.40,+0.40,Matches,b4fce835
405,Igor Marques,br BRA,DFMF,Mirassol,27-161,1999,14,1109,79,72.5,12.3,13,82,10,1,45,0,0.93,15,16,-1,-0.08,+0.99,Matches,8b364abd
406,Lucca Marques,br BRA,MF,São Paulo,19-004,2007,4,114,29,7.0,1.3,1,57,0,3,19,7,0.75,2,2,0,0.00,-0.18,Matches,1d6ffbb1
407,Renato Marques,br BRA,FW,Mirassol,22-191,2003,1,62,62,4.1,0.7,1,62,0,0,,0,3.00,2,1,+1,+1.45,+1.88,Matches,838d1215
408,Renato Marques,br BRA,FW,Coritiba,22-191,2003,5,63,13,3.9,0.7,0,,0,5,13,4,1.60,1,1,0,0.00,0.00,Matches,838d1215
409,Marquinhos,br BRA,DF,Botafogo–RJ,19-123,2007,1,9,9,0.6,0.1,0,,0,1,9,0,0.00,1,0,+1,+10.00,+10.06,Matches,5fb8eee5
410,Marquinhos,br BRA,MF,Cruzeiro,23-072,2003,0,,,,,0,,0,0,,4,,,,,,,Matches,59878425
411,Martinelli,br BRA,MF,Fluminense,25-039,2001,12,941,78,58.1,10.5,12,78,5,0,,0,1.75,16,9,+7,+0.67,+0.93,Matches,2b124c8c
412,Emiliano Martínez,uy URU,MF,Palmeiras,26-305,1999,6,235,39,14.5,2.6,2,90,2,4,14,10,2.67,4,0,+4,+1.53,+0.69,Matches,52061089
413,Andre Martins,br BRA,MF,Grêmio,24-183,2001,5,107,21,6.6,1.2,0,,0,5,21,7,0.83,2,2,0,0.00,+0.18,Matches,56224aa6
414,David Martins,br BRA,MF,Bahia,18-276,2007,2,11,6,0.7,0.1,0,,0,2,6,3,0.50,0,1,-1,-8.18,-8.36,Matches,b211048f
415,Matheus Martins,br BRA,MFFW,Botafogo–RJ,22-337,2003,15,821,55,53.7,9.1,9,75,3,6,24,0,1.20,18,18,0,0.00,0.00,Matches,73fd2787
416,Gustavo Martins Santos,br BRA,DF,Grêmio,23-311,2002,11,894,81,55.2,9.9,9,90,9,2,42,1,0.64,5,10,-5,-0.50,-0.75,Matches,ae03ce49
417,Matheusinho,br BRA,FWMF,Vitória,28-243,1997,16,1022,64,66.8,11.4,14,71,1,2,15,0,1.31,13,15,-2,-0.18,+0.18,Matches,91c2ee76
418,Matheusinho,br BRA,DF,Vitória,27-254,1998,2,135,68,8.8,1.5,1,90,1,1,45,3,1.50,3,2,+1,+0.67,+0.99,Matches,97bb4fdd
419,Matheuzinho,br BRA,DF,Corinthians,25-283,2000,14,1161,83,71.7,12.9,13,88,11,1,14,1,1.36,15,16,-1,-0.08,-0.08,Matches,2a5bc0cd
420,Mauricio,py PAR,MF,Palmeiras,25-027,2001,15,938,63,57.9,10.4,11,73,1,4,33,1,2.33,20,9,+11,+1.06,+0.26,Matches,bf4cbc22
421,Maycon,br BRA,MF,Atlético Mineiro,28-338,1997,10,852,85,52.6,9.5,10,85,6,0,,1,0.90,13,17,-4,-0.42,-0.77,Matches,005ca692
422,Mayk,br BRA,DF,Remo,26-291,1999,10,892,89,55.1,9.9,10,89,8,0,,0,1.20,10,14,-4,-0.40,+0.09,Matches,e7819596
423,Mayke,br BRA,DF,Santos,33-220,1992,3,219,73,13.5,2.4,3,73,2,0,,5,0.67,3,6,-3,-1.23,-1.23,Matches,47431289
424,Gabriel Mec,br BRA,MFFW,Grêmio,18-068,2008,14,643,46,39.7,7.1,6,69,1,8,29,1,1.07,7,7,0,0.00,+0.28,Matches,f049a2fe
425,Cristian Medina,ar ARG,MF,Botafogo–RJ,24-017,2002,11,853,78,55.8,9.5,11,78,5,0,,1,1.09,17,17,0,0.00,0.00,Matches,5a0d551b
426,Arthur Melo,br BRA,MF,Grêmio,29-310,1996,10,807,81,49.8,9.0,8,90,6,2,45,0,1.10,11,15,-4,-0.45,-0.56,Matches,48b3dd60
427,Bruno Melo,br BRA,DF,Coritiba,33-235,1992,16,1281,80,79.1,14.2,16,80,10,0,,0,1.63,20,17,+3,+0.21,+1.01,Matches,41ee21ae
428,Eduardo Melo,br BRA,FW,Remo,25-036,2001,1,35,35,2.2,0.4,0,,0,1,35,0,0.00,0,2,-2,-5.14,-4.80,Matches,5308c8ed
429,Nícollas Vitor Pascoal Melo,br BRA,FW,Corinthians,18-005,2008,0,,,,,0,,0,0,,1,,,,,,,Matches,c8de308b
430,Memphis,nl NED,FW,Corinthians,32-125,1994,8,462,58,28.5,5.1,6,70,1,2,22,0,1.50,8,6,+2,+0.39,+0.62,Matches,8f696594
431,Nathan Mendes,br BRA,DF,Vitória,23-303,2002,13,1061,82,69.3,11.8,12,85,9,1,45,1,1.46,16,14,+2,+0.17,+1.32,Matches,c5aa7b35
432,Thiago Mendes,br BRA,MF,Vasco da Gama,34-095,1992,16,1340,84,82.7,14.9,16,84,11,0,,0,1.19,18,21,-3,-0.20,+1.08,Matches,c6e5d20f
433,Vinicius Mendonça,br BRA,MFFW,RB Bragantino,22-118,2004,8,288,36,17.8,3.2,3,74,0,5,13,10,1.13,6,6,0,0.00,-0.41,Matches,47a333ad
434,Stiven Mendoza,co COL,MFFW,Athletico–PR,33-356,1992,18,1460,81,90.1,16.2,18,81,8,0,,0,1.67,18,17,+1,+0.06,-2.75,Matches,e68f2cb4
435,Gabriel Menegon,br BRA,GK,Grêmio,17-247,2008,1,12,12,0.7,0.1,0,,0,1,12,0,0.00,0,0,0,0.00,+0.17,Matches,9334abf0
436,Gabriel Menino,br BRA,MF,Santos,25-262,2000,8,428,54,26.4,4.8,4,87,1,4,20,0,0.88,6,8,-2,-0.42,-0.35,Matches,01819e70
437,Gabriel Mercado,ar ARG,DF,Internacional,39-092,1987,11,980,89,60.5,10.9,11,89,10,0,,3,1.18,12,13,-1,-0.09,-0.09,Matches,bf97c188
438,Higor Meritão,br BRA,MF,Chapecoense,31-360,1994,11,619,56,40.5,6.9,5,83,2,6,34,6,0.64,9,14,-5,-0.73,+0.36,Matches,fb8b684d
439,Carlos Miguel,br BRA,GK,Palmeiras,27-252,1998,17,1530,90,94.4,17.0,17,90,17,0,,0,2.24,29,13,+16,+0.94,-0.06,Matches,84454067
440,Luis Miguel,br BRA,FW,Vitória,21-134,2005,0,,,,,0,,0,0,,1,,,,,,,Matches,8cf1ec8e
441,Pedro Milans,uy URU,DF,Corinthians,24-086,2002,3,229,76,14.1,2.5,3,76,1,0,,14,1.00,1,1,0,0.00,+0.06,Matches,e8732900
442,Julián Millán,co COL,DF,Fluminense,28-083,1998,3,270,90,16.7,3.0,3,90,3,0,,10,0.67,3,5,-2,-0.67,-1.13,Matches,a92e9820
443,Alan Minda,ec ECU,MF,Atlético Mineiro,23-035,2003,9,353,39,21.8,3.9,3,70,0,6,24,4,1.11,5,3,+2,+0.51,+0.72,Matches,9cfd5b00
444,Moises,br BRA,MF,Santos,29-289,1996,13,376,29,23.2,4.2,4,49,0,9,20,3,1.15,5,9,-4,-0.96,-1.03,Matches,ddd07a25
445,Rodrigo Moledo,br BRA,DF,Coritiba,38-234,1987,2,117,59,7.2,1.3,1,90,1,1,27,8,2.00,4,2,+2,+1.54,+1.66,Matches,ce536c37
446,Miguel Monsalve,co COL,MF,Grêmio,22-111,2004,7,322,46,19.9,3.6,5,51,0,2,35,4,1.29,3,5,-2,-0.56,-0.49,Matches,a2f7f47c
447,Rafael Monti,ar ARG,FW,Remo,26-192,1999,1,21,21,1.3,0.2,0,,0,1,21,2,0.00,0,0,0,0.00,+0.45,Matches,ad83cba8
448,Álvaro Montoro,ar ARG,MFFW,Botafogo–RJ,19-062,2007,15,921,61,60.2,10.2,11,76,4,4,21,2,1.27,15,19,-4,-0.39,-0.98,Matches,4c55ed86
449,Kauã Moraes,br BRA,DF,Cruzeiro,19-354,2006,9,441,49,27.2,4.9,5,76,2,4,16,6,1.78,9,6,+3,+0.61,+1.15,Matches,936f721d
450,Breno de Moraes Souza,br BRA,DF,RB Bragantino,17-358,2008,2,10,5,0.6,0.1,0,,0,2,5,3,3.00,0,0,0,0.00,-0.34,Matches,e2982c0b
451,João Moreira,pt POR,DF,São Paulo,22-028,2004,0,,,,,0,,0,0,,4,,,,,,,Matches,b3be99e3
452,Santiago Moreno,co COL,FWMF,Fluminense,26-058,2000,3,21,7,1.3,0.2,0,,0,3,7,2,1.33,0,0,0,0.00,-0.28,Matches,3261d0e4
453,Pedro Morisco,br BRA,GK,Coritiba,22-159,2004,4,325,81,20.1,3.6,4,81,3,0,,0,1.00,5,5,0,0.00,0.00,Matches,e5c4ba1f
454,Henry Mosquera,co COL,MFFW,RB Bragantino,24-215,2001,14,1061,76,65.5,11.8,13,78,3,1,45,0,1.43,12,9,+3,+0.25,-0.23,Matches,be206004
455,Hugo Moura,br BRA,MF,Vasco da Gama,28-166,1998,11,582,53,35.9,6.5,7,76,3,4,12,6,1.73,12,11,+1,+0.15,+0.85,Matches,14100165
456,Lucas Moura,br BRA,MFFW,São Paulo,33-309,1992,8,320,40,19.8,3.6,3,73,0,5,20,0,2.13,8,3,+5,+1.41,+1.54,Matches,2b622f01
457,Neto Moura,br BRA,MF,Mirassol,29-316,1996,12,722,60,47.2,8.0,9,72,2,3,25,1,0.92,10,16,-6,-0.75,-0.75,Matches,28fd3b9e
458,Lucas Mugni,ar ARG,MF,Mirassol,34-157,1992,0,,,,,0,,0,0,,7,,,,,,,Matches,f87818d3
459,Alex Muralha,br BRA,GK,Mirassol,36-220,1989,0,,,0.0,0.0,0,,0,0,,15,2.00,4,3,+1,,,Matches,38082f12
460,Mycael,br BRA,GK,Athletico–PR,22-098,2004,0,,,,,0,,0,0,,17,,,,,,,Matches,c02aa247
461,Juan Nardoni,ar ARG,MF,Grêmio,23-339,2002,11,730,66,45.1,8.1,10,71,2,1,16,0,1.27,8,8,0,0.00,+0.30,Matches,e91c3cc9
462,Bruno Nascimento,br BRA,FWMF,Palmeiras,29-103,1997,1,6,6,0.4,0.1,0,,0,1,6,1,3.00,0,0,0,0.00,-0.95,Matches,46411d56
463,Bruno Nascimento,br BRA,MF,Cruzeiro,29-103,1997,9,223,25,13.8,2.5,1,74,0,8,19,0,2.00,3,3,0,0.00,+0.26,Matches,46411d56
464,Wesley Natã,br BRA,FW,Fluminense,18-061,2008,1,15,15,0.9,0.2,0,,0,1,15,5,0.00,0,0,0,0.00,-0.28,Matches,7f451eb1
465,Natanael,br BRA,DFMF,Atlético Mineiro,24-164,2002,11,871,79,53.8,9.7,11,79,8,0,,6,1.45,14,12,+2,+0.21,+0.57,Matches,0b618504
466,Gui Negão,br BRA,FW,Corinthians,19-132,2007,5,113,23,7.0,1.3,1,56,0,4,14,7,1.40,0,2,-2,-1.59,-1.65,Matches,8d835047
467,Felipe Negrucci,br BRA,DF,São Paulo,22-045,2004,1,11,11,0.7,0.1,0,,0,1,11,8,0.00,0,1,-1,-8.18,-8.41,Matches,784f2ef7
468,Negueba,br BRA,MFFW,Mirassol,26-197,1999,9,780,87,51.0,8.7,9,87,7,0,,0,0.67,10,13,-3,-0.35,+0.01,Matches,47c2829f
469,Neris,br BRA,DF,Vitória,34-001,1992,4,179,45,11.7,2.0,2,80,1,2,10,4,1.00,1,9,-8,-4.02,-4.29,Matches,f961d4c2
470,Rodrigo Nestor,br BRA,MF,Bahia,25-313,2000,10,377,38,24.6,4.2,3,78,1,7,20,6,1.80,7,4,+3,+0.72,+0.79,Matches,c04ebe99
471,Neto,br BRA,GK,Botafogo–RJ,36-334,1989,10,854,85,55.8,9.5,10,85,9,0,,1,1.20,20,14,+6,+0.63,+1.43,Matches,a9dc785c
472,Newton,br BRA,DF,Botafogo–RJ,26-098,2000,7,409,58,26.7,4.5,4,86,3,3,22,5,1.00,7,9,-2,-0.44,-0.60,Matches,0c0c8329
473,Neymar,br BRA,MFFW,Santos,34-133,1992,8,683,85,42.2,7.6,8,85,5,0,,0,1.63,11,9,+2,+0.26,+0.74,Matches,69384e5d
474,Nicolas,br BRA,DF,São Paulo,19-071,2007,1,1,1,0.1,0.0,0,,0,1,1,4,3.00,0,0,0,0.00,-0.17,Matches,3988393d
475,Saúl Ñíguez,es ESP,MF,Flamengo,31-209,1994,6,116,19,7.6,1.3,1,58,0,5,12,1,1.83,2,4,-2,-1.55,-2.63,Matches,c14bc029
476,Nonato,br BRA,MF,Fluminense,28-107,1998,6,378,63,23.3,4.2,5,70,0,1,28,0,1.33,6,5,+1,+0.24,-0.05,Matches,b91a6912
477,Erick Noriega,pe PER,MF,Grêmio,24-239,2001,13,947,73,58.5,10.5,11,79,7,2,40,4,1.46,11,14,-3,-0.29,-0.29,Matches,fd8ce644
478,Arthur Novaes,br BRA,MF,Botafogo–RJ,17-275,2008,0,,,,,0,,0,0,,4,,,,,,,Matches,8e6bc166
479,Jhuan Nunes Coelho,br BRA,FW,RB Bragantino,19-015,2007,1,7,7,0.4,0.1,0,,0,1,7,1,0.00,0,0,0,0.00,-0.33,Matches,0dd86ceb
480,Christian Oliva,uy URU,MF,Santos,30-017,1996,12,789,66,48.7,8.8,9,75,2,3,37,2,1.42,13,9,+4,+0.46,+1.21,Matches,d3b888e3
481,Lucas Oliveira,br BRA,DF,Mirassol,30-136,1996,7,419,60,27.4,4.7,5,81,3,2,7,7,0.75,6,10,-4,-0.86,-0.70,Matches,96d8b3d1
482,Luis Osorio Messias de Oliveira,br BRA,DF,São Paulo,19-285,2006,2,137,69,8.5,1.5,1,90,1,1,47,6,0.50,0,2,-2,-1.31,-1.62,Matches,7f0312fd
483,Cauly Oliveira Souza,br BRA,MFFW,São Paulo,30-276,1995,12,563,47,34.8,6.3,7,62,0,5,26,1,1.42,6,5,+1,+0.16,-0.01,Matches,2b53f7a5
484,Cristian Olivera,uy URU,FWMF,Bahia,24-062,2002,16,956,60,62.5,10.6,12,72,2,4,24,0,1.56,13,13,0,0.00,-0.31,Matches,079dc403
485,Leo Ortiz,br BRA,DF,Flamengo,30-166,1996,17,1350,79,88.2,15.0,16,84,13,1,1,0,2.00,27,15,+12,+0.80,-0.70,Matches,53834fa2
486,Osvaldo,br BRA,FWMF,Vitória,39-068,1987,2,13,7,0.8,0.1,0,,0,2,7,14,1.50,0,0,0,0.00,+0.24,Matches,deb6b945
487,Otávio,br BRA,GK,Cruzeiro,20-173,2005,5,450,90,27.8,5.0,5,90,5,0,,12,1.60,7,7,0,0.00,+0.31,Matches,b23013d3
488,Otávio,br BRA,MF,Fluminense,32-045,1994,5,170,34,10.5,1.9,0,,0,5,34,13,1.40,4,4,0,0.00,-0.31,Matches,243f4a0b
489,Luiz Otávio,br BRA,DF,Mirassol,33-252,1992,1,6,6,0.4,0.1,0,,0,1,6,0,3.00,0,0,0,0.00,+0.35,Matches,35e4fc3a
490,João Othavio Basso,br BRA,DF,Santos,29-156,1997,2,47,24,2.9,0.5,0,,0,2,24,1,0.50,0,2,-2,-3.83,-3.77,Matches,86c79c42
491,Pablo,br BRA,GK,Vasco da Gama,23-127,2003,0,,,,,0,,0,0,,1,,,,,,,Matches,df4b335a
492,Bruno Pacheco,br BRA,MFDF,Chapecoense,34-192,1991,9,720,80,47.1,8.0,8,84,7,1,45,5,0.22,6,16,-10,-1.25,-0.58,Matches,9b7976e6
493,Luis Pacheco,br BRA,MF,Palmeiras,18-136,2008,3,68,23,4.2,0.8,1,45,0,2,12,12,2.33,0,0,0,0.00,-0.99,Matches,ffba37be
494,Weimar Palacios,co COL,DF,RB Bragantino,19-244,2006,0,,,,,0,,0,0,,1,,,,,,,Matches,9d522f21
495,Lucas Paquetá,br BRA,MF,Flamengo,28-295,1997,12,817,68,53.4,9.1,10,77,5,2,26,0,2.00,14,9,+5,+0.55,-0.71,Matches,9b6f7fd5
496,Kauã Pascini,br BRA,DF,Atlético Mineiro,18-105,2008,4,120,30,7.4,1.3,1,90,1,3,10,10,2.25,1,5,-4,-3.00,-3.18,Matches,d0fcac4f
497,Rayan Passaglia Lelis,br BRA,FW,Cruzeiro,19-150,2007,0,,,,,0,,0,0,,2,,,,,,,Matches,199a71d2
498,Patrick,br BRA,MF,Remo,33-324,1992,15,1026,68,63.3,11.4,11,79,5,4,38,0,1.07,12,19,-7,-0.61,-0.46,Matches,92add14e
499,Alan Patrick,br BRA,MF,Internacional,35-036,1991,14,963,69,59.4,10.7,11,83,4,3,17,4,0.64,10,15,-5,-0.47,-1.02,Matches,00672021
500,Patrick de Paula,br BRA,MF,Remo,26-283,1999,6,469,78,29.0,5.2,6,78,3,0,,1,0.50,6,12,-6,-1.15,-1.00,Matches,9f12fbb7
501,Paulinho,br BRA,MF,Internacional,29-161,1997,13,702,54,43.3,7.8,8,74,2,5,23,1,0.85,5,9,-4,-0.51,-0.81,Matches,2d215840
502,Paulinho,br BRA,FWMF,Palmeiras,25-338,2000,5,85,17,5.2,0.9,0,,0,5,17,0,1.80,2,0,+2,+2.12,+1.24,Matches,53070b63
503,Caio Paulista,br BRA,DF,Grêmio,28-038,1998,7,408,58,25.2,4.5,3,90,3,4,35,10,1.29,5,7,-2,-0.44,-0.37,Matches,701bb051
504,Gabriel Paulista,br BRA,DF,Corinthians,35-204,1990,14,1260,90,77.8,14.0,14,90,14,0,,2,1.57,16,14,+2,+0.14,+0.89,Matches,b7ca5c51
505,Vini Paulista,br BRA,MF,Coritiba,25-088,2001,18,705,39,43.5,7.8,6,71,1,12,24,0,1.44,10,8,+2,+0.26,+0.45,Matches,b9e9b272
506,Joao Paulo,br BRA,DF,Chapecoense,28-349,1997,6,506,84,33.1,5.6,5,87,4,1,72,8,0.67,7,11,-4,-0.71,+0.34,Matches,897b6f90
507,João Paulo,br BRA,GK,Bahia,30-354,1995,2,92,46,6.0,1.0,0,,0,2,46,12,0.00,2,9,-7,-6.85,-7.41,Matches,d0102ca0
508,Giovanni Pavani,br BRA,MF,Remo,29-209,1996,2,46,23,2.8,0.5,0,,0,2,23,11,0.50,0,2,-2,-3.91,-3.57,Matches,f9954d5e
509,Cristian Pavón,ar ARG,DFMF,Grêmio,30-148,1996,16,1243,78,76.7,13.8,14,85,10,2,27,0,1.25,14,14,0,0.00,+0.72,Matches,a664b026
510,Pedrinho,br BRA,MF,São Paulo,19-055,2007,2,51,26,3.1,0.6,0,,0,2,26,9,2.00,0,0,0,0.00,-0.17,Matches,10eb3647
511,Pedro,br BRA,FW,Flamengo,28-363,1997,17,1337,79,87.4,14.9,16,81,3,1,45,0,2.00,29,11,+18,+1.21,+2.61,Matches,1ab6fad3
512,João Pedro Chermont,br BRA,DF,Santos,20-151,2006,0,,,,,0,,0,0,,1,,,,,,,Matches,e987e031
513,João Pedro Chermont,br BRA,DFMF,Coritiba,20-151,2006,11,669,61,41.3,7.4,7,77,3,4,33,3,1.27,8,5,+3,+0.40,+0.69,Matches,e987e031
514,João Pedro,br BRA,DF,Corinthians,22-169,2003,2,180,90,11.1,2.0,2,90,2,0,,5,1.00,1,1,0,0.00,+0.06,Matches,cd51f56f
515,João Pedro,br BRA,DF,Grêmio,29-215,1996,5,258,52,15.9,2.9,3,67,1,2,28,0,1.20,5,8,-3,-1.05,-1.05,Matches,31d1ed52
516,João Pedro,br BRA,GK,Santos,18-092,2008,0,,,,,0,,0,0,,2,,,,,,,Matches,273090e1
517,João Pedro,br BRA,MF,Vasco da Gama,21-060,2005,2,35,18,2.2,0.4,0,,0,2,18,12,1.00,1,2,-1,-2.57,-2.23,Matches,f065866a
518,Léo Pelé,br BRA,DF,Athletico–PR,30-104,1996,2,101,51,6.2,1.1,1,90,1,1,11,16,1.50,0,3,-3,-2.67,-3.21,Matches,77980eb9
519,Andreas Pereira,br BRA,MF,Palmeiras,30-168,1996,17,1321,78,81.5,14.7,17,78,6,0,,0,2.24,28,13,+15,+1.02,+0.42,Matches,6639e500
520,Léo Pereira,br BRA,DF,Flamengo,30-138,1996,14,1229,88,80.3,13.7,14,88,12,0,,0,2.14,27,12,+15,+1.10,+1.10,Matches,bd247251
521,Matheus Pereira,br BRA,MF,Cruzeiro,30-044,1996,16,1402,88,86.5,15.6,16,88,13,0,,0,1.31,21,26,-5,-0.32,-0.73,Matches,b04ee927
522,Luan Peres Petroni,br BRA,DF,Santos,31-334,1994,15,1130,75,69.8,12.6,13,86,10,2,6,1,1.20,17,18,-1,-0.08,+0.29,Matches,a5549ec1
523,Leonel Pérez,ar ARG,MF,Grêmio,21-313,2004,10,670,67,41.4,7.4,8,81,6,2,11,2,1.20,9,8,+1,+0.13,+0.51,Matches,5c0eca35
524,Tomás Pérez,ar ARG,MF,Atlético Mineiro,20-296,2005,10,608,61,37.5,6.8,7,78,3,3,21,5,1.90,8,4,+4,+0.59,+1.04,Matches,ae067682
525,Pedro Perotti,br BRA,FW,Chapecoense,28-208,1997,2,20,10,1.3,0.2,0,,0,2,10,1,1.00,0,0,0,0.00,+0.95,Matches,c319dd64
526,Josué Pesqueira,pt POR,MF,Coritiba,35-274,1990,17,1265,74,78.1,14.1,16,78,6,1,12,0,1.35,20,19,+1,+0.07,+0.32,Matches,c08fc464
527,Neto Pessoa,br BRA,FW,Chapecoense,32-033,1994,8,208,26,13.6,2.3,1,83,0,7,18,4,0.13,3,6,-3,-1.30,-0.41,Matches,f44f1b74
528,Leonel Picco,ar ARG,MF,Remo,26-239,1999,15,693,46,42.8,7.7,8,72,2,7,17,2,1.13,7,10,-3,-0.39,+0.10,Matches,f4187ac3
529,Yago Pikachu,br BRA,MF,Remo,34-013,1992,17,926,54,57.2,10.3,10,75,3,7,25,0,1.00,12,15,-3,-0.29,+0.36,Matches,462f1e13
530,Joaquín Piquerez,uy URU,DF,Palmeiras,27-298,1998,6,461,77,28.5,5.1,5,88,3,1,21,2,2.67,12,5,+7,+1.37,+0.59,Matches,46009f44
531,Rafael Pires,br BRA,GK,São Paulo,36-360,1989,18,1620,90,100.0,18.0,18,90,18,0,,0,1.39,23,20,+3,+0.17,,Matches,539f6761
532,Marcelo Pitaluga,br BRA,GK,Fluminense,23-180,2002,0,,,,,0,,0,0,,4,,,,,,,Matches,b3cafda8
533,Lucas Piton,br BRA,DF,Vasco da Gama,25-252,2000,13,815,63,50.3,9.1,10,73,2,3,28,4,1.00,9,15,-6,-0.66,-0.55,Matches,defce7f1
534,Isidro Pitta,py PAR,FW,RB Bragantino,26-308,1999,17,1141,67,70.4,12.7,13,81,6,4,21,0,1.53,19,13,+6,+0.47,+0.47,Matches,e9fc7295
535,Gonzalo Plata,ec ECU,MF,Flamengo,25-229,2000,10,562,56,36.7,6.2,6,82,3,4,18,4,2.20,12,5,+7,+1.12,+0.38,Matches,54bcdeb0
536,Mateo Ponte,uy URU,DFMF,Botafogo–RJ,23-025,2003,8,580,73,37.9,6.4,6,81,4,2,47,4,1.38,14,11,+3,+0.47,+0.75,Matches,981e61c1
537,Gabriel Poveda,br BRA,FW,Remo,27-346,1998,10,150,15,9.3,1.7,1,55,0,9,11,2,1.40,3,2,+1,+0.60,+1.15,Matches,1ae3dd4e
538,Fernando Pradella,br BRA,FW,Santos,17-350,2008,1,14,14,0.9,0.2,0,,0,1,14,0,0.00,0,2,-2,-12.86,-12.80,Matches,a471bfdf
539,Gustavo Prado,br BRA,MF,Internacional,21-012,2005,0,,,,,0,,0,0,,2,,,,,,,Matches,511bad81
540,Kauã Prates,br BRA,DF,Cruzeiro,17-310,2008,1,8,8,0.5,0.1,0,,0,1,8,11,0.00,0,0,0,0.00,+0.22,Matches,6ecfd382
541,Ángelo Preciado,ec ECU,MFDF,Atlético Mineiro,28-120,1998,7,375,54,23.1,4.2,4,76,1,3,24,7,1.00,2,4,-2,-0.48,-0.55,Matches,eadc8e4f
542,Erick Pulga,br BRA,FWMF,Bahia,25-259,2000,17,1165,69,76.1,12.9,16,71,2,1,33,0,1.53,16,20,-4,-0.31,-1.79,Matches,56088230
543,Erick Pulgar,cl CHI,MF,Flamengo,32-154,1994,8,643,80,42.0,7.1,8,80,5,0,,1,2.00,15,6,+9,+1.26,+0.65,Matches,4611e028
544,Igor Rabello,br BRA,DF,Fluminense,31-051,1995,0,,,,,0,,0,0,,16,,,,,,,Matches,48048864
545,Zé Rafael,br BRA,MF,Santos,33-002,1993,5,165,33,10.2,1.8,2,73,0,3,6,3,1.00,3,3,0,0.00,+0.19,Matches,634b1413
546,André Ramalho,br BRA,DF,Corinthians,34-122,1992,6,466,78,28.8,5.2,5,90,5,1,16,11,0.83,3,7,-4,-0.77,-1.01,Matches,7483d9f9
547,Eric Ramires,br BRA,MF,RB Bragantino,25-312,2000,11,319,29,19.7,3.5,2,75,0,9,19,4,1.73,7,3,+4,+1.13,+0.99,Matches,37faa4cb
548,Kevin Ramírez,uy URU,FWMF,Chapecoense,32-078,1994,2,83,42,5.4,0.9,0,,0,2,42,0,0.00,0,2,-2,-2.17,-1.30,Matches,1c7e10b1
549,Ramon,br BRA,DF,Vitória,25-097,2001,14,1195,85,78.1,13.3,14,85,10,0,,1,1.36,17,20,-3,-0.23,+0.04,Matches,fdf88bc0
550,Lucas Ramon,br BRA,DF,São Paulo,32-103,1994,12,981,82,60.6,10.9,12,82,8,0,,0,1.50,14,9,+5,+0.46,+0.74,Matches,58933a04
551,Vitor Ramon,br BRA,DF,Grêmio,18-154,2008,1,31,31,1.9,0.3,0,,0,1,31,1,1.00,1,1,0,0.00,+0.17,Matches,c557340b
552,Chris Ramos,es ESP,FWMF,Botafogo–RJ,29-153,1997,3,20,7,1.3,0.2,0,,0,3,7,1,0.67,2,1,+1,+4.50,+4.56,Matches,44e07fac
553,Santi Ramos Mingo,ar ARG,DF,Bahia,24-209,2001,15,1350,90,88.2,15.0,15,90,15,0,,1,1.67,22,19,+3,+0.20,+0.70,Matches,fe0a346d
554,Marcelo Rangel,br BRA,GK,Remo,38-032,1988,17,1530,90,94.4,17.0,17,90,17,0,,0,0.88,20,29,-9,-0.53,-1.53,Matches,c293dc73
555,Pedro Rangel,br BRA,GK,Coritiba,25-354,2000,15,1295,86,79.9,14.4,14,90,14,1,35,2,1.47,19,19,0,0.00,0.00,Matches,06dc2861
556,Raniele,br BRA,MFDF,Corinthians,29-169,1996,16,1225,77,75.6,13.6,15,80,8,1,23,1,1.50,15,13,+2,+0.15,+0.83,Matches,a025365f
557,Raul,br BRA,MF,Athletico–PR,29-342,1996,0,,,,,0,,0,0,,1,,,,,,,Matches,c2f9cf65
558,Pedro Raul,br BRA,FW,Corinthians,29-225,1996,8,167,21,10.3,1.9,1,77,0,7,13,9,0.63,1,2,-1,-0.54,-0.54,Matches,ed074559
559,Raykkonen,br BRA,FW,Internacional,17-340,2008,1,1,1,0.1,0.0,0,,0,1,1,0,0.00,0,0,0,0.00,+0.06,Matches,3114f93a
560,Reinaldo,br BRA,DFMF,Mirassol,36-263,1989,14,1146,82,74.9,12.7,14,82,9,0,,0,0.93,14,16,-2,-0.16,+0.78,Matches,ab3edc87
561,Reinier,br BRA,FW,Atlético Mineiro,24-150,2002,14,622,44,38.4,6.9,7,73,0,7,16,4,1.29,7,8,-1,-0.14,-0.14,Matches,6b21b7b5
562,Gustavo Reis,br BRA,GK,RB Bragantino,21-008,2005,0,,,,,0,,0,0,,5,,,,,,,Matches,5023822e
563,Renan,br BRA,FW,Athletico–PR,26-117,2000,8,99,12,6.1,1.1,1,72,0,7,4,6,1.63,2,1,+1,+0.91,+0.61,Matches,8a24d403
564,Robert Renan,br BRA,DF,Vasco da Gama,22-250,2003,18,1620,90,100.0,18.0,18,90,18,0,,0,1.11,22,29,-7,-0.39,,Matches,168a2e81
565,Renê,br BRA,DF,Fluminense,33-277,1992,11,837,76,51.7,9.3,9,88,6,2,25,7,1.64,14,12,+2,+0.22,-0.13,Matches,d000ffc7
566,Rezende,br BRA,DFMF,Bahia,31-167,1995,0,,,,,0,,0,0,,1,,,,,,,Matches,dfddb0f9
567,Murilo Rhikman,br BRA,MF,Cruzeiro,20-097,2006,1,3,3,0.2,0.0,0,,0,1,3,1,0.00,0,0,0,0.00,+0.22,Matches,9e91b234
568,Davi Fernandes Cavalcane Ribeiro,br BRA,,Santos,17-326,2008,2,17,9,1.0,0.2,0,,0,2,9,0,1.50,0,0,0,0.00,+0.17,Matches,77910da9
569,Everton Ribeiro,br BRA,MF,Bahia,37-069,1989,13,949,73,62.0,10.5,11,78,4,2,45,0,1.46,16,12,+4,+0.38,+0.69,Matches,68fb50a2
570,Zé Ricardo,br BRA,MF,Remo,27-135,1999,16,904,57,55.8,10.0,11,75,3,5,16,0,0.88,12,14,-2,-0.20,+0.56,Matches,22b85604
571,Riccieli,br BRA,DF,Vitória,27-274,1998,2,90,45,5.9,1.0,2,45,0,0,,1,1.50,0,3,-3,-3.00,-2.94,Matches,9c026a2f
572,Charles Rigon Matos,br BRA,MF,Corinthians,29-364,1996,4,193,48,11.9,2.1,3,57,0,1,22,6,1.75,2,3,-1,-0.47,-0.47,Matches,6ff91a3a
573,Tomás Rincón,ve VEN,MF,Santos,38-156,1988,2,21,11,1.3,0.2,0,,0,2,11,7,1.00,0,1,-1,-4.29,-4.17,Matches,f1cfc209
574,Ramon Rique,br BRA,MF,Vasco da Gama,18-259,2007,2,18,9,1.1,0.2,0,,0,2,9,1,1.50,1,0,+1,+5.00,+5.45,Matches,feb455f7
575,Riquelme,br BRA,MF,Fluminense,19-097,2007,3,42,14,2.6,0.5,0,,0,3,14,3,1.33,2,0,+2,+4.29,+4.11,Matches,ce31d798
576,Diogo Riquelme,br BRA,MF,Athletico–PR,21-056,2005,4,66,17,4.1,0.7,0,,0,4,17,4,2.50,1,0,+1,+1.36,+1.07,Matches,4c347e95
577,Robert,br BRA,GK,Atlético Mineiro,21-135,2005,0,,,,,0,,0,0,,1,,,,,,,Matches,f0b3d428
578,Marcos Rocha,br BRA,MFDF,Grêmio,37-189,1988,4,150,38,9.3,1.7,2,52,0,2,23,14,1.00,2,2,0,0.00,+0.18,Matches,fdd2f275
579,Pedro Rocha Neves,br BRA,FW,Coritiba,31-261,1994,18,1415,79,87.3,15.7,18,79,6,0,,0,1.44,23,19,+4,+0.25,+2.01,Matches,b33e0095
580,Sergio Rochet,uy URU,GK,Internacional,33-087,1993,11,990,90,61.1,11.0,11,90,11,0,,0,1.18,10,11,-1,-0.09,-0.09,Matches,81b99b9e
581,Rodrigo,br BRA,MF,RB Bragantino,22-094,2004,9,318,35,19.6,3.5,3,63,0,6,22,5,0.78,5,5,0,0.00,-0.41,Matches,1126f4e2
582,Rodrigues,br BRA,DF,Mirassol,28-251,1997,2,49,25,3.2,0.5,1,45,0,1,4,9,2.00,0,2,-2,-3.67,-3.43,Matches,67f5e064
583,Alisson Rodrigues,br BRA,DF,Internacional,17-322,2008,0,,,,,0,,0,0,,2,,,,,,,Matches,8434bef6
584,Arthur Rodrigues Monteiro,br BRA,DF,Athletico–PR,16-281,2009,0,,,,,0,,0,0,,1,,,,,,,Matches,407de6ec
585,Alan Rodríguez,uy URU,MF,Internacional,26-144,2000,7,231,33,14.3,2.6,2,79,1,5,15,3,0.86,1,4,-3,-1.17,-1.30,Matches,fcd24b4b
586,Santiago Rodríguez,uy URU,MFFW,Botafogo–RJ,26-161,2000,10,490,49,32.0,5.4,7,60,1,3,24,1,1.40,10,9,+1,+0.18,+0.27,Matches,86dff811
587,Johan Rojas,co COL,MFFW,Vasco da Gama,23-271,2002,15,764,51,47.2,8.5,9,67,0,6,27,2,1.20,10,12,-2,-0.24,+0.29,Matches,f338069c
588,Benjamín Rollheiser,ar ARG,MFFW,Santos,26-086,2000,14,447,32,27.6,5.0,4,81,1,10,12,3,0.86,7,8,-1,-0.20,-0.05,Matches,e8c4a824
589,Iván Román,cl CHI,DF,Atlético Mineiro,19-341,2006,6,440,73,27.2,4.9,6,73,3,0,,6,1.67,4,2,+2,+0.41,+0.64,Matches,8ee6a7c1
590,Lucas Romero,ar ARG,MF,Cruzeiro,32-061,1994,12,824,69,50.9,9.2,11,74,3,1,9,1,1.58,11,12,-1,-0.11,+0.23,Matches,d89e48b8
591,Ronald,br BRA,MF,Vitória,29-000,1997,7,140,20,9.2,1.6,1,45,0,6,16,10,1.71,0,3,-3,-1.93,-1.86,Matches,cc119c66
592,Ronaldo,br BRA,GK,Bahia,29-300,1996,8,674,84,44.1,7.5,8,84,7,0,,0,2.13,11,4,+7,+0.93,+1.46,Matches,711c08dc
593,Ronaldo,br BRA,MF,Internacional,29-238,1996,8,336,42,20.7,3.7,4,74,0,4,10,5,1.13,3,6,-3,-0.80,-0.94,Matches,8a3b002a
594,Lucas Ronier,br BRA,MF,Coritiba,21-204,2004,15,1215,81,75.0,13.5,15,81,10,0,,1,1.33,17,17,0,0.00,0.00,Matches,d831b6f1
595,Rony,br BRA,MFFW,Santos,31-038,1995,14,878,63,54.2,9.8,10,79,3,4,21,1,1.50,13,11,+2,+0.21,+0.81,Matches,bffd5e50
596,Caio Roque,br BRA,DF,Botafogo–RJ,24-160,2002,3,115,38,7.5,1.3,0,,0,3,38,8,2.33,5,3,+2,+1.57,+1.69,Matches,6345721a
597,Vitor Roque,br BRA,FW,Palmeiras,21-110,2005,7,275,39,17.0,3.1,3,73,0,4,14,0,2.71,10,3,+7,+2.29,+1.62,Matches,cb00f1e6
598,Agustín Rossi,ar ARG,GK,Flamengo,30-301,1995,17,1530,90,100.0,17.0,17,90,17,0,,0,2.00,31,16,+15,+0.88,,Matches,ef223e5f
599,Ruan,br BRA,DF,Atlético Mineiro,27-011,1999,15,1329,89,82.0,14.8,15,89,14,0,,1,1.13,19,22,-3,-0.20,-0.82,Matches,a378a02a
600,José Sabino,br BRA,DF,São Paulo,29-236,1996,15,1258,84,77.7,14.0,15,84,13,0,,0,1.47,20,15,+5,+0.36,+0.85,Matches,e1524457
601,Alan Saldivia,uy URU,DF,Vasco da Gama,24-073,2002,10,900,90,55.6,10.0,10,90,10,0,,6,1.20,14,17,-3,-0.30,+0.20,Matches,b084cda6
602,Daniel Sales,br BRA,DF,Flamengo,19-360,2006,0,,,,,0,,0,0,,6,,,,,,,Matches,098f9d54
603,Keven Samuel,br BRA,FW,Fluminense,19-143,2007,0,,,,,0,,0,0,,2,,,,,,,Matches,0388b5dc
604,Mateo Sanabria,ar ARG,MF,Bahia,22-079,2004,11,302,27,19.7,3.4,2,52,0,9,22,3,1.45,8,4,+4,+1.19,+1.34,Matches,85d69267
605,Alex Sandro,br BRA,DF,Flamengo,35-143,1991,13,1065,82,69.6,11.8,13,82,9,0,,0,1.92,23,12,+11,+0.93,+0.16,Matches,0d82903c
606,Agustín Sant'Anna,uy URU,DF,RB Bragantino,28-264,1997,7,391,56,24.1,4.3,4,88,2,3,13,1,2.57,12,1,+11,+2.53,+2.90,Matches,a680fc25
607,Alex Santana,br BRA,MF,Corinthians,31-036,1995,1,10,10,0.6,0.1,0,,0,1,10,4,0.00,0,0,0,0.00,+0.06,Matches,e75dc411
608,Santos,br BRA,GK,Athletico–PR,36-093,1990,18,1620,90,100.0,18.0,18,90,18,0,,0,1.67,24,18,+6,+0.33,,Matches,b8d0b69c
609,Ademir Santos,br BRA,FWMF,Bahia,31-122,1995,17,576,34,37.6,6.4,4,65,0,13,24,0,1.53,9,8,+1,+0.16,+0.06,Matches,4b7d58c2
610,Alan Santos,br BRA,FW,Flamengo,19-039,2007,0,,,,,0,,0,0,,1,,,,,,,Matches,ca6e1708
611,Danilo Santos,br BRA,MF,Botafogo–RJ,25-050,2001,12,1070,89,69.9,11.9,12,89,11,0,,0,1.25,22,21,+1,+0.08,+0.28,Matches,a816dbfb
612,Eduardo Santos,br BRA,DF,RB Bragantino,28-202,1997,3,112,37,6.9,1.2,1,90,1,2,11,5,0.67,0,2,-2,-1.61,-2.08,Matches,d226094c
613,Júnior Santos,br BRA,FWMF,Botafogo–RJ,31-250,1994,9,409,45,26.7,4.5,6,57,1,3,22,1,1.44,7,7,0,0.00,0.00,Matches,9109e933
614,Luis Eduardo Marques dos Santos,br BRA,DF,Athletico–PR,29-019,1997,2,33,17,2.0,0.4,0,,0,2,17,0,1.50,1,0,+1,+2.73,+2.44,Matches,5c5a0d4d
615,Rafael Santos,br BRA,GK,Chapecoense,37-096,1989,4,360,90,23.5,4.0,4,90,4,0,,13,0.25,2,11,-9,-2.25,-1.71,Matches,083d6596
616,Victor Gabriel dos Santos,br BRA,MF,Palmeiras,19-208,2006,0,,,,,0,,0,0,,1,,,,,,,Matches,76e1d87d
617,Eduardo Sasha,br BRA,FWMF,RB Bragantino,34-114,1992,14,745,53,46.0,8.3,8,77,1,6,22,0,1.64,10,10,0,0.00,-0.62,Matches,b938b871
618,Jefferson Savarino,ve VEN,MF,Fluminense,29-219,1996,15,1025,68,63.3,11.4,11,84,5,4,26,1,1.80,21,13,+8,+0.70,+1.16,Matches,91721722
619,Savio,br BRA,DF,Remo,31-023,1995,3,200,67,12.3,2.2,3,67,1,0,,0,0.33,1,4,-3,-1.35,-1.03,Matches,3e8c6e2c
620,Gustavo Scarpa,br BRA,MFFW,Atlético Mineiro,32-164,1994,10,323,32,19.9,3.6,3,58,0,7,21,4,1.10,5,7,-2,-0.56,-0.63,Matches,2964fd20
621,João Schmidt,br BRA,MF,Santos,33-030,1993,10,622,62,38.4,6.9,7,86,5,3,7,5,1.40,9,11,-2,-0.29,-0.20,Matches,3630db1a
622,Davi Schuindt,br BRA,DF,Fluminense,22-053,2004,0,,,,,0,,0,0,,1,,,,,,,Matches,394256c4
623,Cleiton Schwengber,br BRA,GK,RB Bragantino,28-303,1997,7,630,90,38.9,7.0,7,90,7,0,,11,1.14,6,8,-2,-0.29,-1.01,Matches,d24ae824
624,Yuri Sena,br BRA,GK,Vitória,25-166,2001,0,,,,,0,,0,0,,5,,,,,,,Matches,bf1dcf73
625,Kevin Serna,co COL,MF,Fluminense,28-183,1997,18,990,55,61.1,11.0,11,78,3,7,20,0,1.72,14,16,-2,-0.18,-1.18,Matches,f3cc4a6e
626,Shaylon,br BRA,MF,Mirassol,29-052,1997,14,837,60,54.7,9.3,10,73,1,4,27,2,0.79,8,9,-1,-0.11,+0.54,Matches,69c11ef0
627,Sidney,br BRA,MF,Bahia,20-098,2006,0,,,,,0,,0,0,,1,,,,,,,Matches,f28ea184
628,André Silva,br BRA,FW,São Paulo,29-015,1997,10,314,31,19.4,3.5,4,66,0,6,9,2,1.00,4,5,-1,-0.29,-0.56,Matches,dde93e2c
629,Daniel Silva,br BRA,DF,Flamengo,17-079,2009,0,,,,,0,,0,0,,1,,,,,,,Matches,48643fef
630,João Pedro Sousa Silva,gw GNB,FW,Remo,29-217,1996,6,298,50,18.4,3.3,5,58,0,1,9,5,0.50,4,3,+1,+0.30,+0.91,Matches,0629941f
631,João Vitor Fonseca da Silva,br BRA,DF,Vasco da Gama,21-020,2005,1,74,74,4.6,0.8,1,74,0,0,,1,0.00,0,2,-2,-2.43,-2.14,Matches,62633adc
632,Luan Silva,br BRA,MF,São Paulo,27-096,1999,7,96,14,5.9,1.1,0,,0,7,14,9,1.29,3,1,+2,+1.87,+1.82,Matches,12a226cf
633,Lucas Silva,br BRA,MF,Cruzeiro,33-122,1993,13,570,44,35.2,6.3,6,76,1,7,17,4,1.08,8,10,-2,-0.32,-0.14,Matches,1c646218
634,Iago da Silva Machado,br BRA,DF,Corinthians,17-121,2009,0,,,,,0,,0,0,,6,,,,,,,Matches,42822830
635,Matheus Pereira da Silva,br BRA,MF,Corinthians,28-113,1998,11,452,41,27.9,5.0,5,65,0,6,21,5,1.36,3,3,0,0.00,+0.08,Matches,bef22bc4
636,Patrick Silva,br BRA,MF,Atlético Mineiro,22-091,2004,0,,,,,0,,0,0,,3,,,,,,,Matches,d6667807
637,Samuel Pierri Mendes e Silva,br BRA,MF,Santos,18-139,2008,2,48,24,3.0,0.5,0,,0,2,24,3,1.50,2,1,+1,+1.87,+2.10,Matches,1b19332f
638,Wendel Silva,br BRA,MF,Bahia,20-110,2006,0,,,,,0,,0,0,,1,,,,,,,Matches,351108c0
639,Luis Sinisterra,co COL,MF,Cruzeiro,27-001,1999,6,233,39,14.4,2.6,2,74,0,4,21,2,2.00,5,2,+3,+1.16,+1.61,Matches,8e16dd48
640,Cauã Soares,br BRA,FW,Atlético Mineiro,17-353,2008,5,42,8,2.6,0.5,0,,0,5,8,3,1.80,0,0,0,0.00,+0.06,Matches,8b98f7ed
641,Cédric Soares,pt POR,DF,São Paulo,34-291,1991,8,267,33,16.5,3.0,2,76,1,6,19,5,0.63,5,6,-1,-0.34,-0.60,Matches,839c14e1
642,Everton Soares,br BRA,MF,Flamengo,30-088,1996,9,366,41,23.9,4.1,4,63,0,5,23,5,1.89,5,4,+1,+0.25,-0.84,Matches,b1cbc666
643,Matheus Soares,br BRA,GK,Athletico–PR,21-159,2005,0,,,,,0,,0,0,,3,,,,,,,Matches,7c158482
644,Tiquinho Soares,br BRA,FW,Mirassol,35-152,1991,7,371,53,24.2,4.1,4,72,1,3,28,3,0.00,1,7,-6,-1.46,-1.46,Matches,4d982baf
645,Tiquinho Soares,br BRA,FW,Santos,35-152,1991,0,,,,,0,,0,0,,1,,,,,,,Matches,4d982baf
646,Fernando Sobral,br BRA,MF,Coritiba,31-183,1994,3,46,15,2.8,0.5,0,,0,3,15,15,1.67,1,2,-1,-1.96,-2.01,Matches,c012aacd
647,Ignacio Sosa,uy URU,MF,RB Bragantino,22-291,2003,14,411,29,25.4,4.6,4,65,0,10,15,3,1.57,3,7,-4,-0.88,-1.62,Matches,2d5e4e47
648,Ramón Sosa,py PAR,MFFW,Palmeiras,26-291,1999,15,688,46,42.5,7.6,7,73,2,8,22,1,2.13,9,5,+4,+0.52,-0.73,Matches,2d3417a1
649,Yeferson Soteldo,ve VEN,MF,Fluminense,28-353,1997,12,520,43,32.1,5.8,5,74,1,7,22,2,1.75,7,9,-2,-0.35,-0.92,Matches,bbb6c951
650,Renê Sousa,br BRA,FW,Vitória,22-254,2003,10,682,68,44.6,7.6,6,82,2,4,48,0,1.20,11,8,+3,+0.40,+1.14,Matches,62e5af12
651,Gabriel Souza,br BRA,MF,Vasco da Gama,21-164,2005,2,25,13,1.5,0.3,0,,0,2,13,1,0.00,0,0,0,0.00,+0.39,Matches,56a85c3b
652,Hugo Souza,br BRA,GK,Corinthians,27-138,1999,16,1440,90,88.9,16.0,16,90,16,0,,0,1.31,16,16,0,0.00,+0.50,Matches,c02e5af1
653,Igor Vinícius de Souza,br BRA,DF,Santos,29-078,1997,13,1169,90,72.2,13.0,13,90,12,0,,2,1.38,21,19,+2,+0.15,+1.15,Matches,ec95088d
654,Claudio Spinelli,ar ARG,FW,Vasco da Gama,28-362,1997,12,494,41,30.5,5.5,4,83,2,8,21,2,1.17,9,7,+2,+0.36,+1.08,Matches,578606a7
655,Raul Steffens,br BRA,GK,Botafogo–RJ,28-325,1997,8,676,85,44.2,7.5,7,90,7,1,46,6,1.25,11,17,-6,-0.80,-1.43,Matches,32e3faa6
656,Everaldo Stum,br BRA,FW,Fluminense,34-348,1991,1,1,1,0.1,0.0,0,,0,1,1,0,3.00,0,0,0,0.00,-0.28,Matches,0ac3d7d8
657,Everaldo Stum,br BRA,FW,Bahia,34-348,1991,14,626,45,40.9,7.0,4,75,1,10,33,1,1.36,11,9,+2,+0.29,+0.29,Matches,0ac3d7d8
658,Caio Suassuna,br BRA,FW,Bahia,19-087,2007,1,7,7,0.5,0.1,0,,0,1,7,2,1.00,0,0,0,0.00,-0.12,Matches,263254a5
659,Bruno Tabata,br BRA,MF,Internacional,29-080,1997,8,178,22,11.0,2.0,1,45,0,7,19,8,0.63,3,3,0,0.00,+0.06,Matches,33fdf90d
660,Rubens Tadeu,br BRA,MF,Chapecoense,23-082,2003,7,156,22,10.2,1.7,0,,0,7,22,6,0.43,3,2,+1,+0.58,+1.69,Matches,1da9fcb1
661,Gabriel Taliari,br BRA,FW,Remo,29-066,1997,6,435,73,26.9,4.8,5,80,0,1,35,0,0.83,6,7,-1,-0.21,+0.32,Matches,75a16442
662,Gonzalo Tapia,cl CHI,FW,São Paulo,24-120,2002,11,278,25,17.2,3.1,2,62,0,9,17,6,1.00,2,5,-3,-0.97,-1.37,Matches,cdbd6b8a
663,Diego Tarzia,ar ARG,MF,Vitória,23-053,2003,12,312,26,20.4,3.5,1,64,0,11,23,0,1.25,5,6,-1,-0.29,-0.07,Matches,69b553f7
664,Lucas Taverna,br BRA,DF,Coritiba,20-041,2006,3,117,39,7.2,1.3,1,59,0,2,29,1,2.00,3,3,0,0.00,0.00,Matches,6368347a
665,Duplexe Tchamba,cm CMR,DF,Remo,27-343,1998,14,1255,90,77.5,13.9,14,90,13,0,,0,1.07,15,21,-6,-0.43,+0.06,Matches,75926036
666,Tchê Tchê,br BRA,MF,Vasco da Gama,33-292,1992,12,779,65,48.1,8.7,10,75,3,2,15,6,1.50,11,15,-4,-0.46,-0.14,Matches,5f2caf8f
667,Alex Telles,br BRA,DFMF,Botafogo–RJ,33-185,1992,15,1156,77,75.6,12.8,15,77,8,0,,0,1.33,21,24,-3,-0.23,-0.96,Matches,e73c9bb2
668,Douglas Telles,br BRA,FW,Flamengo,19-017,2007,0,,,,,0,,0,0,,2,,,,,,,Matches,2303801d
669,Victor Teodoro,br BRA,FW,Athletico–PR,19-060,2007,0,,,,,0,,0,0,,1,,,,,,,Matches,49339c1d
670,Carlos Terán,co COL,DF,Athletico–PR,25-267,2000,12,756,63,46.7,8.4,10,72,6,2,19,0,1.42,10,9,+1,+0.12,-0.40,Matches,324509e2
671,Miguel Terceros,bo BOL,MFFW,Santos,22-054,2004,8,401,50,24.8,4.5,5,70,0,3,17,6,1.38,9,10,-1,-0.22,-0.08,Matches,d66ed604
672,Tetê,br BRA,FW,São Paulo,19-065,2007,4,87,22,5.4,1.0,0,,0,4,22,2,0.25,0,4,-4,-4.14,-4.55,Matches,d377cac1
673,Tetê,br BRA,MFFW,Grêmio,26-123,2000,14,630,45,38.9,7.0,8,60,0,6,26,2,1.14,9,11,-2,-0.29,-0.19,Matches,7120a04d
674,Thaciano,br BRA,MFFW,Santos,31-037,1995,11,534,49,33.0,5.9,6,78,1,5,14,0,1.18,9,7,+2,+0.34,+0.75,Matches,139113e4
675,Thomazella,br BRA,GK,Mirassol,35-304,1990,0,,,,,0,,0,0,,2,,,,,,,Matches,af976211
676,Rafael Thyere,br BRA,DF,Chapecoense,33-032,1993,2,104,52,6.8,1.2,2,52,0,0,,3,0.00,1,2,-1,-0.87,+0.08,Matches,e2a29d9d
677,Tiago,br BRA,MF,Grêmio,18-136,2008,1,26,26,1.6,0.3,0,,0,1,26,10,0.00,0,1,-1,-3.46,-3.35,Matches,aa98440f
678,Guilherme Tinga,br BRA,DF,Coritiba,32-290,1993,11,862,78,53.2,9.6,10,83,8,1,34,2,1.00,13,16,-3,-0.31,-0.67,Matches,a8331ab0
679,Kauan Toledo,br BRA,MFFW,Botafogo–RJ,20-064,2006,3,183,61,12.0,2.0,2,69,0,1,45,3,1.33,2,2,0,0.00,0.00,Matches,2cc7bb98
680,Rafael Tolói,it ITA,DF,São Paulo,35-251,1990,5,450,90,27.8,5.0,5,90,5,0,,7,2.00,7,4,+3,+0.60,+0.60,Matches,c56dc39e
681,Félix Torres Caicedo,ec ECU,DF,Internacional,29-158,1997,12,950,79,58.6,10.6,10,90,10,2,25,2,1.17,12,12,0,0.00,+0.13,Matches,c0a8860f
682,Enzo Vágner,br BRA,FW,Coritiba,19-325,2006,1,18,18,1.1,0.2,0,,0,1,18,7,1.00,0,1,-1,-5.00,-5.06,Matches,65f923c0
683,Caio Valle,br BRA,MF,Botafogo–RJ,18-250,2007,0,,,,,0,,0,0,,6,,,,,,,Matches,146dcaf9
684,Vanderlan,br BRA,DF,RB Bragantino,23-284,2002,1,7,7,0.4,0.1,0,,0,1,7,4,3.00,0,0,0,0.00,-0.33,Matches,bd8432ff
685,Guillermo Varela,uy URU,DF,Flamengo,33-086,1993,14,1071,77,70.0,11.9,11,90,11,3,27,0,2.00,22,11,+11,+0.92,+0.14,Matches,5c961282
686,Raphael Veiga,br BRA,MF,Palmeiras,30-364,1995,0,,,,,0,,0,0,,1,,,,,,,Matches,6e5a3bc7
687,Lucas Veríssimo,br BRA,DF,Santos,30-351,1995,11,990,90,61.1,11.0,11,90,11,0,,2,1.36,16,16,0,0.00,+0.43,Matches,5eaf85b5
688,Victor,br BRA,GK,Bahia,20-046,2006,0,,,,,0,,0,0,,1,,,,,,,Matches,c7f65975
689,João Victor,br BRA,DF,Mirassol,28-289,1997,17,1530,90,100.0,17.0,17,90,17,0,,0,0.94,18,24,-6,-0.35,,Matches,d6d0c8bb
690,João Victor,br BRA,DF,Flamengo,19-168,2007,1,72,72,4.7,0.8,0,,0,1,72,0,3.00,2,0,+2,+2.50,+1.70,Matches,0eaa0f26
691,João Victor,br BRA,FW,Internacional,18-326,2007,0,,,,,0,,0,0,,4,,,,,,,Matches,d1764ccb
692,Marcos Victor,br BRA,DF,Bahia,24-174,2001,1,1,1,0.1,0.0,0,,0,1,1,9,3.00,0,0,0,0.00,-0.12,Matches,d714fc5a
693,Viery,br BRA,DF,Grêmio,21-167,2005,13,1168,90,72.1,13.0,13,90,12,0,,2,1.31,14,14,0,0.00,+0.60,Matches,73bec74e
694,Rodrigo Villagra,ar ARG,MF,Internacional,25-124,2001,13,1051,81,64.9,11.7,12,86,9,1,16,3,1.46,16,14,+2,+0.17,+0.65,Matches,b39ae7e1
695,Lucas Villalba,uy URU,MF,Botafogo–RJ,25-038,2001,9,358,40,23.4,4.0,3,54,0,6,33,4,1.22,10,5,+5,+1.26,+1.64,Matches,e0661fb5
696,Lucas Villalba,ar ARG,DF,Cruzeiro,31-303,1994,9,653,73,40.3,7.3,7,90,6,2,13,7,1.50,11,12,-1,-0.14,+0.14,Matches,2dc5144f
697,Néiser Villarreal,co COL,FW,Cruzeiro,21-055,2005,11,540,49,33.3,6.0,6,68,0,5,27,5,1.36,9,9,0,0.00,+0.33,Matches,9200fab7
698,Mathías Villasanti,py PAR,MF,Grêmio,29-145,1997,0,,,,,0,,0,0,,2,,,,,,,Matches,05b642f7
699,Ygor Vinhas,br BRA,GK,Remo,32-064,1994,0,,,,,0,,0,0,,14,,,,,,,Matches,1f3c2a77
700,Vinicius,br BRA,MF,Chapecoense,27-021,1999,3,128,43,8.4,1.4,1,65,0,2,32,8,0.33,1,2,-1,-0.70,+0.26,Matches,ab3ef9c4
701,Alix Vinicius,br BRA,DF,RB Bragantino,26-224,1999,15,1155,77,71.3,12.8,13,85,10,2,27,0,1.87,22,13,+9,+0.70,+1.28,Matches,2083298b
702,Carlos Vinícius,br BRA,FW,Grêmio,31-085,1995,17,1379,81,85.1,15.3,17,81,7,0,,0,1.18,18,21,-3,-0.20,-0.20,Matches,8b529245
703,Marcos Vinicius,br BRA,DFMF,Chapecoense,29-084,1997,9,517,57,33.8,5.7,5,68,2,4,44,6,0.44,6,12,-6,-1.04,-0.16,Matches,72cacb0d
704,Vitão,br BRA,DF,Flamengo,26-136,2000,6,301,50,19.7,3.3,3,90,2,3,11,11,1.83,4,4,0,0.00,-1.10,Matches,d4f034db
705,Vitão,br BRA,DF,Atlético Mineiro,18-106,2008,0,,,,,0,,0,0,,4,,,,,,,Matches,971e8602
706,Vitinho,br BRA,MF,Internacional,27-078,1999,17,1188,70,73.3,13.2,13,81,8,4,33,0,1.18,17,16,+1,+0.08,+0.49,Matches,06d4b2e4
707,Vitinho,br BRA,MF,Corinthians,32-252,1993,8,349,44,21.5,3.9,4,66,0,4,21,5,1.38,2,2,0,0.00,+0.07,Matches,a9e68c94
708,Vitinho,br BRA,DFMF,Botafogo–RJ,26-330,1999,15,1158,77,75.7,12.9,13,84,10,2,35,1,1.40,23,23,0,0.00,0.00,Matches,9295dc1c
709,João Vitor,br BRA,FW,Vasco da Gama,17-218,2008,3,35,12,2.2,0.4,0,,0,3,12,2,0.67,0,2,-2,-5.14,-4.86,Matches,0f687c73
710,João Vitor,br BRA,MF,Chapecoense,28-079,1998,11,595,54,38.9,6.6,7,75,0,4,18,5,0.45,6,9,-3,-0.45,+0.80,Matches,2954fbfc
711,Kauan Vitor,br BRA,FW,Vitória,20-003,2006,0,,,,,0,,0,0,,1,,,,,,,Matches,705fa555
712,Zé Vitor,br BRA,MF,Vitória,26-047,2000,9,581,65,38.0,6.5,6,83,3,3,28,2,1.00,10,9,+1,+0.15,+0.63,Matches,11283939
713,Kevin Viveros,co COL,FW,Athletico–PR,26-075,2000,17,1517,89,93.6,16.9,17,89,14,0,,0,1.76,24,17,+7,+0.42,+1.29,Matches,f40b94ba
714,Tiago Volpi,br BRA,GK,RB Bragantino,35-181,1990,11,990,90,61.1,11.0,11,90,11,0,,7,1.91,19,11,+8,+0.73,+1.01,Matches,fba79ac8
715,Wagner,br BRA,DF,Grêmio,26-330,1999,9,684,76,42.2,7.6,8,85,7,1,8,4,1.22,9,12,-3,-0.39,-0.39,Matches,25b28b59
716,Walace,br BRA,DF,Vasco da Gama,21-103,2005,0,,,,,0,,0,0,,5,,,,,,,Matches,664a3912
717,Walace,br BRA,MF,Cruzeiro,31-075,1995,0,,,,,0,,0,0,,5,,,,,,,Matches,26db8853
718,Wallace,br BRA,DF,Botafogo–RJ,19-039,2007,0,,,,,0,,0,0,,3,,,,,,,Matches,0249917e
719,Wallace,br BRA,MF,Flamengo,21-130,2005,6,48,8,3.1,0.5,0,,0,6,8,9,1.33,1,2,-1,-1.87,-2.85,Matches,b83bc030
720,Walter,br BRA,GK,Mirassol,38-212,1987,17,1530,90,100.0,17.0,17,90,17,0,,0,0.94,18,24,-6,-0.35,,Matches,8bae322b
721,Wanderson,br BRA,MF,Cruzeiro,31-254,1994,14,379,27,23.4,4.2,2,50,0,12,23,4,1.29,5,6,-1,-0.24,-0.02,Matches,5da33b33
722,José Welison,br BRA,MF,Remo,31-099,1995,15,870,58,53.7,9.7,9,83,3,6,21,1,1.13,12,17,-5,-0.52,-0.16,Matches,b6cb4d16
723,João Wellington,br BRA,MF,Cruzeiro,22-167,2004,3,59,20,3.6,0.7,1,53,0,2,3,9,0.33,1,3,-2,-3.05,-2.94,Matches,62e02b9b
724,Wendell,br BRA,FW,Vitória,20-291,2005,0,,,,,0,,0,0,,2,,,,,,,Matches,ad5524cf
725,Wendell,br BRA,DFMF,São Paulo,32-333,1993,12,767,64,47.3,8.5,8,83,4,4,27,5,1.25,11,9,+2,+0.23,+0.13,Matches,f9acca3a
726,Wermeson,br BRA,MF,Chapecoense,25-122,2001,0,,,,,0,,0,0,,1,,,,,,,Matches,48ceb959
727,Wéverton,br BRA,GK,Grêmio,38-187,1987,17,1530,90,94.4,17.0,17,90,17,0,,0,1.24,19,20,-1,-0.06,+1.94,Matches,81be82e9
728,William,br BRA,DF,Cruzeiro,31-076,1995,8,535,67,33.0,5.9,7,75,1,1,12,4,0.88,9,9,0,0.00,+0.33,Matches,d4d0a9ad
729,William,br BRA,DF,Cruzeiro,20-127,2006,0,,,,,0,,0,0,,1,,,,,,,Matches,bfc2db82
730,Willian,br BRA,MFFW,Grêmio,37-313,1988,8,332,42,20.5,3.7,2,50,0,6,39,2,1.13,7,2,+5,+1.36,+1.91,Matches,8b9ebd03
731,Willian,br BRA,MF,Coritiba,33-033,1993,10,475,48,29.3,5.3,5,71,1,5,24,8,1.70,6,5,+1,+0.19,+0.27,Matches,96f82d0a
732,Mateus Xavier,br BRA,MF,Santos,18-354,2007,1,5,5,0.3,0.1,0,,0,1,5,3,1.00,0,0,0,0.00,+0.17,Matches,55cc2965
733,Samuel Xavier,br BRA,DF,Fluminense,36-012,1990,12,965,80,59.6,10.7,11,86,6,1,17,5,1.50,15,14,+1,+0.09,-0.46,Matches,0c870df5
734,Young,br BRA,GK,São Paulo,24-103,2002,0,,,,,0,,0,0,,1,,,,,,,Matches,be817fc6
735,Ythallo,br BRA,DF,Botafogo–RJ,21-331,2004,1,45,45,2.9,0.5,1,45,0,0,,6,0.00,0,0,0,0.00,0.00,Matches,75558c64
736,Yuri,br BRA,MF,Mirassol,32-059,1994,6,323,54,21.1,3.6,4,67,1,2,27,6,1.33,2,7,-5,-1.39,-1.32,Matches,51762f49
737,Bruno Zapelli,ar ARG,MF,Athletico–PR,24-032,2002,15,683,46,42.2,7.6,8,62,0,7,26,1,1.73,10,6,+4,+0.53,+0.33,Matches,a70af595
738,Bernardo Zortea,br BRA,MF,Grêmio,19-089,2007,3,69,23,4.3,0.8,1,45,0,2,12,1,0.67,0,0,0,0.00,+0.17,Matches,8cc36186
739,Lukas Zuccarello,br BRA,MF,Vasco da Gama,19-198,2006,1,11,11,0.7,0.1,0,,0,1,11,1,0.00,0,0,0,0.00,+0.39,Matches,ad792e99